,code,pubDate,pe_ratio,pe_ratio_lyr,pb_ratio,ps_ratio,pcf_ratio,code.1,roe,inc_return,roa,net_profit_margin,gross_profit_margin,expense_to_total_revenue,operation_profit_to_total_revenue,net_profit_to_total_revenue,operating_expense_to_total_revenue,ga_expense_to_total_revenue,financing_expense_to_total_revenue,operating_profit_to_profit,invesment_profit_to_profit,adjusted_profit_to_profit,goods_sale_and_service_to_revenue,ocf_to_revenue,ocf_to_operating_profit,inc_total_revenue_year_on_year,inc_total_revenue_annual,inc_revenue_year_on_year,inc_revenue_annual,inc_operation_profit_year_on_year,inc_operation_profit_annual,inc_net_profit_year_on_year,inc_net_profit_annual,inc_net_profit_to_shareholders_year_on_year,inc_net_profit_to_shareholders_annual,label
0,300183.XSHE,2011/4/18,42.39,42.385,3.67,18.9,93.01,300183.XSHE,5.54,5.54,5.24,51.44,64.03,49.79,50.21,51.44,2.35,12.32,-2.25,83.58,0,,111,46.71,93.02,247.12,-29.03,247.12,-29.03,384.23,-17.22,279.19,-24.48,279.19,-24.48,-1
0,300183.XSHE,2011/8/24,32.91,41.8832,3.51,15.2,4.01,300183.XSHE,5.24,5.24,4.92,45.44,65.65,50.28,49.72,45.44,3.17,13.71,-1.95,90.27,0,,124.9,56.61,113.85,34.97,9.94,34.97,9.94,35.8,8.86,38.99,-2.87,38.99,-2.87,-1
0,300183.XSHE,2011/10/18,33.2,45.6083,3.69,15.41,4.22,300183.XSHE,6.44,6.44,6,43.24,62.97,52.42,47.58,43.24,5.36,9.57,-1.36,93.52,0,,105.44,45.28,95.17,143.15,33.35,143.15,33.35,177.49,27.6,198.21,26.89,198.21,26.89,1
0,300183.XSHE,2012/3/29,39.28,65.8744,5.32,18.39,5.93,300183.XSHE,10.46,10.46,9.81,73.1,66.6,26.05,73.95,73.1,3.21,11.74,-22.95,86.86,0,,130.59,87.08,117.76,5.58,1.47,5.58,1.47,81.37,57.72,59.66,71.54,59.66,71.54,-1
0,300183.XSHE,2012/4/16,28.78,28.7813,4.31,15.58,4.9,300183.XSHE,3.78,3.78,3.61,59.33,59.8,51.82,48.18,59.33,2.61,10.46,-2.62,69.04,0,,101,37.52,77.88,18.57,-20.3,18.57,-20.3,13.77,-48.07,36.77,-35.31,36.77,-35.31,1
0,300183.XSHE,2012/7/24,26.48,28.307,4.08,14.78,26.23,300183.XSHE,3.68,3.68,3.5,63.23,64.16,34.36,65.64,63.23,6.36,15.8,-25.18,88.34,0,,95.55,37.24,56.72,-3.2,-10.24,-3.2,-10.24,27.8,22.29,34.68,-4.35,34.68,-4.35,-1
0,300183.XSHE,2012/10/23,20.32,23.0142,3.44,12.1,44.2,300183.XSHE,3.69,3.69,3.5,39.22,63.54,60.65,39.35,39.22,5.1,18.27,-1.19,85.55,0,,99.87,26.76,68.01,19.5,64.62,19.5,64.62,-1.17,-1.32,8.38,2.11,8.38,2.11,-1
0,300183.XSHE,2013/4/19,17.85,20.5565,2.75,10.24,45.75,300183.XSHE,7.28,7.28,6.95,73.57,60.48,40.55,59.45,73.57,4.43,13.87,-18.3,81.29,0,,111.08,88.27,148.49,28.89,9.44,28.89,9.44,3.61,65.35,29.71,105.31,29.71,105.31,1
0,300183.XSHE,2013/4/19,21.62,19.6068,3.33,12.41,55.42,300183.XSHE,3.77,3.77,3.6,54.64,63.26,54.61,45.39,54.64,4.78,20.3,-9.79,72.9,0,99.93,90.9,32.26,71.07,21.62,-24.79,21.62,-24.79,14.58,-42.58,12,-44.15,12,-44.15,1
0,300183.XSHE,2013/8/23,23.35,23.9186,3.9,13.46,52.37,300183.XSHE,3.24,3.13,3.1,44.23,64.15,56.1,43.9,44.23,7.07,24.89,-12.48,85.32,0,96.58,126.31,44.53,101.43,41.37,4.33,41.37,4.33,-5.46,0.91,-1.1,-15.54,-1.1,-15.54,1
0,300183.XSHE,2013/10/25,29.53,30.1826,4.91,15.85,60.79,300183.XSHE,3.52,3.52,3.35,41.54,60.64,59.32,40.68,41.54,5.8,16.09,-4.32,81.7,0,100.02,89.25,23.3,57.28,1.22,17.86,1.22,17.86,4.64,9.22,7.22,10.7,7.22,10.7,-1
0,300183.XSHE,2014/4/25,25.41,26.3405,3.95,13.79,55.33,300183.XSHE,4.47,4.46,4.27,48.15,60.11,61.92,38.08,48.15,12.06,21.08,-11.53,99.35,0,99.84,138.48,56.66,148.78,5.65,14.23,5.65,14.23,-32.32,6.94,-30.85,32.41,-30.85,32.41,1
0,300183.XSHE,2014/4/25,29.71,33.7913,4.5,16.12,64.67,300183.XSHE,2.37,2.32,2.27,43.33,58.64,59.88,40.12,43.33,8.55,23.76,-12.89,81.47,0,97.82,127.36,60.61,151.07,-10.81,-36.51,-10.81,-36.51,-21.16,-33.11,-29.26,-42.86,-29.26,-42.86,1
0,300183.XSHE,2014/8/15,36.61,33.9471,4.64,16.31,48.15,300183.XSHE,3.37,3.29,3.15,39.25,55.23,63.36,36.64,39.25,5.06,18.23,-8.35,86.03,0,97.49,96.73,20.4,55.68,31.29,53.59,31.29,53.59,9.58,40.25,16.51,39.11,17.34,40.1,1
0,300183.XSHE,2014/10/24,51.56,49.6854,6.47,22.28,113.72,300183.XSHE,4.76,4.57,4.42,42.74,53.06,62.22,37.78,42.74,5.46,16.35,-7.41,80.85,0,96.06,101.12,53.71,142.15,48.74,33.52,48.74,33.52,38.14,37.69,53.03,45.39,53.35,44.67,-1
0,300183.XSHE,2015/4/24,45.68,49.6907,6.27,19.85,87.87,300183.XSHE,3.4,3.39,3.21,30.51,58.29,70.22,29.78,30.51,10.4,21.95,-6.09,87.85,0,99.87,94.71,26.88,90.27,35.16,3.8,35.16,3.8,5.68,-18.19,-14.35,-25.89,-15.97,-27.44,-1
0,300183.XSHE,2015/4/24,61.45,64.3626,8.16,26.7,118.21,300183.XSHE,3.29,3.27,2.94,42.18,52.16,63.41,36.59,42.18,6.37,19.73,-10.92,74.89,0,99.42,117.88,40.23,109.94,52.94,-28.15,52.94,-28.15,39.49,-11.71,48.86,-0.69,50.34,2.23,-1
0,300183.XSHE,2015/7/31,47.69,51.7588,6.61,18.26,-725.99,300183.XSHE,2.78,2.72,2.4,27.76,51.8,73.23,26.77,27.76,7.15,20.22,-5.1,82.67,0,97.88,91.6,14.42,53.87,23.71,24.23,23.71,24.23,-9.6,-9.12,-12.49,-18.22,-9.66,-15.82,-1
0,300183.XSHE,2015/10/23,33.9,36.0169,4.6,12.1,-56.61,300183.XSHE,4.17,4.12,3.75,31.95,60.51,67.03,32.97,31.95,7.19,19.53,-2.69,89.28,0,98.79,80.54,9.2,27.91,33.02,43.58,33.02,43.58,16.08,76.82,-0.57,65.2,0.6,61.11,-1
0,300183.XSHE,2016/4/26,46.82,49.8397,5.57,15.37,-19.73,300183.XSHE,3.68,3.4,3.39,32.84,59.12,69.36,31.47,32.84,15.62,16.25,-4.22,72.67,1.98,92.24,104.76,39.7,129.58,14.79,-10.43,14.79,-10.43,21.32,-14.5,23.54,-7.92,24.37,-10.29,1
0,300183.XSHE,2016/4/26,35.1,33.2075,4.18,11.53,-14.79,300183.XSHE,2.54,2.53,2.32,37.92,62.88,61.96,37.43,37.92,7.24,25.09,-6.74,83.94,-1.35,99.59,139.7,22.75,59.8,3.09,-35.47,3.09,-35.47,5.45,-23.26,-7.31,-25.49,-6.9,-23.48,1
0,300183.XSHE,2016/7/28,44.21,43.5212,5.18,14.47,-25.89,300183.XSHE,3.4088,3.195,3.1061,31.6665,63.3945,71.3838,29.2517,31.6665,7.7426,25.3378,-0.4802,78.157,1.7357,93.7296,102.7888,26.2312,91.6656,35.0129,62.6921,35.0129,62.6921,47.5186,27.1418,53.9893,35.8614,49.728,35.3861,-1
0,300183.XSHE,2016/10/27,36.95,39.8753,4.77,12.31,-65.02,300183.XSHE,4.263,4.2387,3.8225,34.3494,64.0579,65.6649,33.6067,34.3494,8.0773,20.1433,-1.5117,85.4368,-1.8126,99.4313,72.4615,5.9087,17.2089,10.3815,17.3839,10.3815,17.3839,12.5099,34.8599,18.6882,27.3292,18.4481,27.4542,-1
0,300183.XSHE,2017/4/26,35.74,40.5979,4.66,12.17,50.6,300183.XSHE,4.8265,4.4496,4.2804,39.2065,63.8817,66.5882,34.9411,39.2065,10.4103,16.7949,-2.4023,84.3191,3.8594,92.1904,122.194,46.3951,138.8582,26.8816,2.9602,26.8816,2.9602,40.8619,7.0484,51.4825,17.5191,56.5122,18.5332,-1
0,300183.XSHE,2017/4/26,29.69,29.6932,4.4,10.77,47.86,300183.XSHE,1.8685,1.7415,1.689,34.5707,60.446,69.682,31.3114,34.5707,9.5027,29.9771,-7.0472,72.3283,2.3699,93.2019,188.4576,45.3664,149.6353,-9.3131,-53.8789,-9.3131,-53.8789,-24.1393,-58.67,-17.3234,-59.3323,-18.1168,-59.9662,-1
0,300183.XSHE,2017/7/31,26.8346,26.0409,3.6058,9.5718,140.8264,300183.XSHE,3.2125,3.0097,2.891,31.5405,59.3771,77.4462,32.4705,31.5405,8.2306,24.4166,-1.8531,73.6128,-0.5727,93.6849,90.2053,-2.9858,-13.2386,6.5445,91.1406,6.5445,91.1406,18.2682,98.2163,6.1205,74.3865,6.6713,76.3709,-1
0,300184.XSHE,2011/4/27,86.79,57.5667,3.91,9.98,142.11,300184.XSHE,2.1,2.1,1.64,11.25,26.28,86.74,13.26,11.25,3.89,8.9,-0.32,100,0,,102.41,-33.31,-251.31,4.94,-12.49,4.94,-12.49,18.62,-39.02,19.95,-39.09,19.95,-39.09,-1
0,300184.XSHE,2011/8/16,39,40.2877,2.68,5.07,3.31,300184.XSHE,3.53,3.53,3.01,13.52,24.06,84.86,15.14,13.52,3.26,6.01,-0.58,99.52,0,,100.8,-5.4,-35.68,15,42.36,15,42.36,19.21,62.61,28.05,71.05,28.05,71.05,-1
0,300184.XSHE,2011/10/22,34.62,38.3477,2.51,4.63,4.36,300184.XSHE,2.25,2.25,1.94,10.16,23.04,87.91,12.09,10.16,4.93,7.84,-2.52,100,0,,97.87,-59.45,-491.57,9.59,-14.33,9.59,-14.33,-9.32,-31.58,-9.4,-35.63,-9.4,-35.63,-1
0,300184.XSHE,2012/4/21,32.35,35.0994,2.3,4.15,4.51,300184.XSHE,0.62,0.62,0.52,3.11,20.26,98.26,1.74,3.11,6.26,14.21,-2.06,41.54,0,,119.04,53.61,3089.49,-4.47,-10.48,-4.47,-10.48,-91.29,-87.16,-81.61,-72.57,-81.61,-72.57,-1
0,300184.XSHE,2012/4/25,27.03,35.8337,1.92,3.46,3.77,300184.XSHE,0.69,0.69,0.65,5.04,16.59,93.94,6.06,5.04,6.11,7.56,-3.26,100,0,,110.88,-3.41,-56.32,19.42,9.39,19.42,9.39,-45.39,282.13,-46.53,77.07,-46.53,77.07,-1
0,300184.XSHE,2012/8/16,37.2,32.9946,1.75,3.1,-7.59,300184.XSHE,1.1,1.1,1.02,6.31,17.12,93.16,6.84,6.31,4.67,6.38,-1,100,0,,101.01,11.75,171.77,4.66,24.76,4.66,24.76,-52.71,40.81,-51.12,56.35,-51.12,56.35,-1
0,300184.XSHE,2012/10/23,44.15,29.7696,1.63,2.76,-13.31,300184.XSHE,0.96,0.96,0.88,5.82,17.37,93.05,6.95,5.82,5.27,6.43,-1.33,100,0,,107.44,4.04,58.09,15.8,-5.22,15.8,-5.22,-33.45,-3.72,-33.66,-12.64,-33.66,-12.64,-1
0,300184.XSHE,2013/3/22,50.25,29.3561,1.59,2.62,-47.98,300184.XSHE,0.66,0.66,0.6,3.67,17.64,94.8,6.47,3.67,5.32,9.64,-2.98,48.14,11.79,,113.27,-8.13,-156.44,41.65,9.5,41.65,9.5,428.46,2,67.04,-30.93,67.04,-30.93,1
0,300184.XSHE,2013/4/23,47.78,47.7805,1.64,2.48,-9.25,300184.XSHE,1.25,0.59,1.13,7.8,14.59,95.61,4.39,7.8,6.84,5.41,-2.44,44.22,0,46.79,105.04,-31.81,-724.96,15.69,-10.65,15.69,-10.65,-16.24,-39.44,79.25,90,79.25,90,1
0,300184.XSHE,2013/8/17,40.09,46.6056,1.58,2.34,-6.66,300184.XSHE,1.29,1.29,1.16,7.27,20.57,92.75,7.75,7.27,8.14,6.18,-1.07,93.58,6.42,100,106.06,-1.04,-14.27,-0.46,7.34,-0.46,7.34,12.77,89.59,14.72,0.07,14.72,0.07,1
0,300184.XSHE,2013/10/26,50.82,61.488,2.18,3.09,-7.77,300184.XSHE,1.01,1.13,0.9,4.68,16.63,93.86,6.14,4.68,6.18,5.02,-0.96,110.33,0,112.28,107.75,7.47,121.75,28.12,21.99,28.12,21.99,13.14,-3.4,3.06,-21.52,3.06,-21.52,1
0,300184.XSHE,2014/3/6,68.09,82.9631,2.93,3.91,-10.82,300184.XSHE,0.32,0.29,0.28,1.51,14.18,99.05,0.95,1.51,9.01,4.53,-1.05,100,0,90.28,109.43,-0.23,-24.37,14.47,-2.16,14.47,-2.16,-83.28,-84.93,-52.86,-68.41,-52.86,-68.41,-1
0,300184.XSHE,2014/4/16,102.05,102.0531,3.99,5.18,-16.35,300184.XSHE,0.7,0.7,0.62,3.38,15.05,96.01,3.99,3.38,6.04,4.94,-0.56,100,0,,99.51,7.18,180.11,25.78,-1.82,25.78,-1.82,14.34,314.26,-45.59,119.32,-45.59,119.32,-1
0,300184.XSHE,2014/7/31,144.63,122.9023,4.75,5.91,-23.52,300184.XSHE,1.09,1.09,0.97,4.33,15.34,94.65,5.35,4.33,6.06,3.75,0.04,99.16,0,,104.97,-10.29,-192.34,42.66,21.75,42.66,21.75,-1.55,63.24,-15.07,56.2,-15.07,56.2,1
0,300184.XSHE,2014/10/25,216.53,173.2403,5.03,7.62,-26.17,300184.XSHE,1.14,1.12,1.06,4.11,15.27,95.47,4.53,4.11,4.78,4.68,0.73,97.61,0,98.03,101.8,9.86,217.66,84.78,58.01,84.78,58.01,36.44,33.88,62.18,49.86,31.62,21.62,-1
0,300184.XSHE,2015/3/13,139.04,122.6168,3.52,4.47,-27.3,300184.XSHE,1.29,1.21,1.5,4.14,14.35,95.42,4.45,4.14,3.32,5.21,0.82,97.91,-2.77,94.41,107.11,5.56,121.37,174.83,45.51,174.83,45.51,1193.5,42.87,652.68,46.61,373.36,13.62,1
0,300184.XSHE,2015/4/25,158.15,158.1545,5.15,5.09,482.44,300184.XSHE,1.57,0.79,1.37,6.54,17.46,95.52,4.14,6.54,4.82,6.01,1.38,58.28,-4.39,50.15,106.16,-20.16,-450.17,107.64,-25.82,107.64,-25.82,115.51,-30.98,302.11,17.17,212.86,44.95,1
0,300184.XSHE,2015/8/1,347.24,458.8958,14.78,12.79,-333.95,300184.XSHE,1.2,1.2,1.03,3.75,14.02,95.39,4.45,3.75,4.41,3.76,0.78,102.78,-3.52,99.98,92.28,0.85,18.55,127.03,33.12,127.03,33.12,88.79,43,96.36,-23.73,53.79,-23.22,-1
0,300184.XSHE,2015/10/26,304.85,441.5679,14.22,10.32,255.49,300184.XSHE,1.46,1.46,0.97,3.58,16.24,95.52,4.16,3.58,4.37,4.58,1.99,107.04,-7.58,100,87.13,-20.4,-455.31,49.15,3.8,49.15,3.8,37.03,-2.82,30.06,-0.74,60.26,26.73,-1
0,300184.XSHE,2016/3/19,206.21,334.3435,9.92,7.11,-479.26,300184.XSHE,1.67,1.63,1.12,3.35,14.23,96.45,3.55,3.35,4.08,5,1.24,96.19,0,97.89,97.73,2.45,68.96,25.66,22.59,25.66,22.59,0.14,4.41,1.75,14.7,61.8,14.7,-1
0,300184.XSHE,2016/4/23,114.43,114.4276,6.16,4.15,-76.35,300184.XSHE,1.1,1.08,0.73,2.67,11.78,97.4,2.6,2.67,3.1,4.19,1,91.84,0,98.29,93.31,-16.05,-616.28,50.98,-10.88,50.98,-10.88,-5,-34.52,-38.25,-28.9,-20.64,-28.9,-1
0,300184.XSHE,2016/7/30,120.9,114.4276,6.1,3.79,-237.19,300184.XSHE,2.0466,1.8827,1.2859,3.9631,12.4928,95.8329,4.3658,3.9631,2.9276,3.1997,1.6147,91.8332,,91.9948,101.1546,0.6226,14.9396,44.8101,27.6777,44.8101,27.6777,42.1578,113.9864,53.2132,89.263,95.6146,89.263,1
0,300184.XSHE,2016/10/29,150.52,170.1372,8.87,5.15,355.56,300184.XSHE,1.5774,1.5484,1.0659,3.7374,11.8923,95.7963,4.2067,3.7374,2.9987,3.0631,1.0961,94.9342,0.0667,98.1631,98.5937,3.5517,84.4903,45.8322,4.5366,45.8322,4.5366,47.3478,0.726,52.1687,-1.4151,52.1687,-1.4151,-1
0,300184.XSHE,2017/2/18,128.93,163.5369,5.57,4.49,17.53,300184.XSHE,0.9281,0.7306,0.6834,1.9693,10.7351,97.9638,2.0921,1.9693,3.0038,3.6257,0.676,72.9544,2.0038,78.7224,119.6123,5.4709,268.6843,76.3442,48.2444,76.3442,48.2444,4.0499,-26.2737,3.6236,-21.8894,3.6236,-21.8894,-1
0,300184.XSHE,2017/4/19,155.07,155.0725,5.63,4.61,95.26,300184.XSHE,1.547,1.5394,1.0082,4.2703,9.7315,94.9949,5.031,4.2703,1.6982,2.0731,0.621,97.3671,0.5037,99.508,97.2496,-20.0958,-401.5065,233.1019,68.3509,233.1019,68.3509,543.3353,304.8437,432.0496,265.0615,432.0496,265.0615,-1
0,300184.XSHE,2017/7/27,102.0181,172.928,1.572,3.628,10.1361,300184.XSHE,2.8308,2.4478,1.7747,4.2963,6.3277,95.4623,5.3811,4.2963,1.0907,0.9026,0.0712,84.5097,0.415,86.4701,85.3495,2.3305,51.3579,623.6666,177.3808,623.6666,177.3808,791.9599,196.6839,684.5148,179.0711,684.5148,179.0711,-1
0,300185.XSHE,2011/4/20,47.28,41.3917,2.37,7.15,-99.21,300185.XSHE,2.58,2.58,1.46,18.42,32.08,80.27,19.52,18.42,0.88,5.24,3.16,87.96,-0.91,,85.32,-27.37,-138.71,22.46,0.61,22.46,0.61,35.27,63.48,30.39,12.9,30.39,12.9,-1
0,300185.XSHE,2011/8/25,30.56,32.721,1.85,5.32,3.04,300185.XSHE,1.58,1.58,0.91,12.26,24.45,90.89,10.99,12.26,1.34,10.21,1.18,62.46,12.91,,55.98,-25.32,-277.95,3.73,-7.61,3.73,-7.61,-19.63,-47.98,2.27,-38.49,2.27,-38.49,-1
0,300185.XSHE,2011/10/24,26.86,28.8714,1.62,4.65,3.14,300185.XSHE,1.29,1.29,0.74,10.74,20.56,91.9,8.46,10.74,1.95,6.92,1.81,63.2,2.84,,124.57,-17.95,-221.6,2.29,-5.63,2.29,-5.63,-71.86,-27.36,-59.95,-17.31,-59.95,-17.31,-1
0,300185.XSHE,2012/4/6,27.32,23.0598,1.29,3.7,2.62,300185.XSHE,2.61,2.61,1.4,17.41,26.94,88.54,10.64,17.41,2.04,12.03,1.96,55.53,-3.98,,0.22,-0.8,-6.96,10.69,26.19,10.69,26.19,-1.96,58.7,57.81,104.48,57.37,103.91,-1
0,300185.XSHE,2012/4/24,31.06,27.349,1.45,4.2,2.98,300185.XSHE,1.75,1.75,1.04,18.51,20.2,92.45,8.68,18.51,1.99,6.96,2.32,34.29,5.11,,45.81,-4.27,-56.54,6.2,-3.47,6.2,-3.47,-52.8,-21.28,6.72,2.62,5.45,1.69,-1
0,300185.XSHE,2012/8/16,25.01,25.4387,1.32,3.74,-2.54,300185.XSHE,1.12,1.12,0.65,11.12,21.42,89.04,11.64,11.12,2.05,4.63,2.94,81.9,5.09,,58.26,-1.83,-16.74,23.45,7.4,23.45,7.4,30.69,44.01,11.98,-35.46,8.8,-36.54,-1
0,300185.XSHE,2012/10/24,22.76,23.5381,1.25,3.28,-2.91,300185.XSHE,0.68,0.68,0.41,7.77,21.13,92.15,7.88,7.77,2.07,6.6,5.14,84.02,0.25,,69.56,7.43,94.6,18.44,-9.47,18.44,-9.47,10.24,-38.72,-14.35,-36.76,-19.87,-39.1,-1
0,300185.XSHE,2013/4/19,21.44,21.4913,1.13,2.89,-3.94,300185.XSHE,0.22,0.22,0.14,2.43,25.08,99.65,1.04,2.43,2.83,13.18,4.84,12.37,24.26,,76.1,19.95,5662.9502,3.19,9.95,3.19,9.95,-89.88,-85.44,-85.62,-65.66,-87.01,-66.94,-1
0,300185.XSHE,2013/4/22,21.05,29.4324,1.11,2.83,-3.87,300185.XSHE,1.05,0.41,0.57,10.08,18.64,95.02,5.57,10.08,2.21,5.91,4.44,41.56,4.95,39.38,52.37,-36.93,-742.32,8.85,1.82,8.85,1.82,-30.16,443.37,-40.71,323.04,-39.74,371.63,-1
0,300185.XSHE,2013/8/21,29.69,24.1985,0.9,2.26,23.68,300185.XSHE,0.15,-0.1,0.08,1.43,16.83,101.97,-1.55,1.43,3.06,7.97,6.06,-93.45,20.03,-63.37,41.75,12.43,-631.88,2.67,1.3,2.67,1.3,-113.64,-128.13,-86.82,-85.65,-86.59,-85.88,-1
0,300185.XSHE,2013/10/23,48.73,27.2573,1.04,2.53,35.67,300185.XSHE,0.35,0.21,0.22,3.14,19.47,97.71,2.45,3.14,3.05,8.51,5.01,61.93,4.43,60.94,83.74,-2.32,-101.21,37.2,20.98,37.2,20.98,-57.29,291.88,-44.62,165.66,-49.02,131.56,1
0,300185.XSHE,2014/4/23,67.81,31.9474,1.22,2.73,-5.91,300185.XSHE,0.12,0.01,0.08,1.08,21.87,100.65,0.2,1.08,2.74,11.79,6.8,-51.79,68.03,5.81,25.57,2.43,-374.34,28.95,3.34,28.95,3.34,-74.82,-91.41,-42.75,-64.5,-47.82,-66.16,1
0,300185.XSHE,2014/4/23,60.45,64.3297,1.08,2.44,-5.27,300185.XSHE,0.21,0.11,0.07,1.04,17.72,100.95,0.59,1.04,2.36,8.35,6.15,-61.61,99.79,53.11,59.68,-9.79,1029.84,18.38,-6.53,18.38,-6.53,-87.47,170.31,-87.74,-9.45,-80.62,75.2,1
0,300185.XSHE,2014/8/20,134.27,65.7114,1.11,2.24,-11.12,300185.XSHE,1.33,0.86,0.67,7.94,20.45,94.77,8.59,7.94,2.16,6.81,5.22,55.97,35.95,65.09,39.43,-9.62,-183.81,51.52,29.66,51.52,29.66,942.09,1790.38,742.62,886.64,780.85,541.6,1
0,300185.XSHE,2014/10/22,87.77,104.2478,1.74,3.2,-12.71,300185.XSHE,0.64,0.5,0.33,4.55,21.55,95.72,4.52,4.55,2.82,7.75,7.17,75.03,4.37,79.04,59.18,-21.8,-510,9.6,-12.49,9.6,-12.49,102.24,-53.92,58.91,-49.9,83.14,-51.86,-1
0,300185.XSHE,2015/4/15,64.13,87.2058,1.46,2.62,35.76,300185.XSHE,0.14,0.02,0.04,0.44,22.2,97.55,1.5,0.44,2.72,9.56,6.42,99,-38.25,13.47,86.72,44.24,1808.45,21.9,14.94,21.9,14.94,797.96,-61.87,-49.95,-88.82,23.08,-77.26,1
0,300185.XSHE,2015/4/23,89.75,88.6996,2.03,3.66,50.06,300185.XSHE,0.25,0.16,0.14,1.89,18.57,98.32,1.72,1.89,2.04,6,7.69,68.9,1.46,63.9,62.07,-9.17,-544.65,21.85,-6.57,21.85,-6.57,255.63,7.06,120.47,298.88,23.51,75.81,1
0,300185.XSHE,2015/8/26,120.86,123.3984,2.84,4.63,20.66,300185.XSHE,1.39,1.29,0.66,7.84,23.23,93.23,8.76,7.84,1.86,5.89,7.71,71.85,21.11,92.46,59.66,4.82,71.12,8.71,15.68,8.71,15.68,10.85,489.22,7.35,380.42,5.79,449.54,-1
0,300185.XSHE,2015/10/23,77.16,81.3358,1.87,2.98,19.69,300185.XSHE,0.78,0.7,0.38,4.74,22.23,95.42,4.94,4.74,2.02,8.04,7.14,81.84,6.5,89.71,77.03,8.44,184.41,17.84,-5.14,17.84,-5.14,28.74,-46.48,22.84,-42.67,24.34,-43.41,-1
0,300185.XSHE,2016/4/22,91.45,102.5345,2.34,3.62,49.22,300185.XSHE,1,0.91,0.5,5.94,27.51,95.02,5.36,5.94,2.43,8.9,7.45,84.21,6.33,91.47,79.99,22.1,443.49,9.76,7.06,9.76,7.06,291.82,16.06,1374.55,34.23,596.94,27.48,1
0,300185.XSHE,2016/4/27,73.94,55.4359,1.89,2.92,39.8,300185.XSHE,0.34,0.22,0.16,2.18,20.19,97.78,2.22,2.18,2.11,6.53,8.07,71.62,0,66.62,58.24,13.65,613.69,10.41,-6.02,10.41,-6.02,42.73,-61,27.56,-65.49,34.85,-65.98,1
0,300185.XSHE,2016/8/3,78.53,80.5473,2.71,4.05,-50.84,300185.XSHE,1.6535,1.4917,1.0003,14.866,34.2036,83.9177,16.5113,14.866,2.5131,8.1339,6.7497,89.1105,,90.217,97.7051,5.313,33.0363,-4.7644,-0.2159,-4.7644,-0.2159,79.4957,640.9765,80.5084,579.8124,45.5323,493.048,-1
0,300185.XSHE,2016/10/21,71.19,86.1459,2.07,4.39,7.45,300185.XSHE,0.6691,0.5992,0.4019,6.5526,25.4169,92.6576,7.3424,6.5526,2.5557,7.5248,6.4745,90.3037,0.0006,89.5597,76.9128,10.1939,138.8367,-2.1754,-2.5637,-2.1754,-2.5637,45.3169,-56.671,35.2318,-57.0524,20.2368,-53.2494,-1
0,300185.XSHE,2017/4/26,66.62,83.7078,2.05,4.29,426.27,300185.XSHE,1.0069,0.9354,0.5941,7.8141,26.2878,90.9232,9.0767,7.8141,2.6264,5.4742,4.2707,93.3026,-0.0005,92.8928,76.5149,5.4106,59.6096,11.8223,22.3776,11.8223,22.3776,89.4214,51.2842,47.029,45.9381,41.578,50.1063,-1
0,300185.XSHE,2017/4/26,58.64,58.6446,2,4.05,415.23,300185.XSHE,0.3304,0.2526,0.1673,2.43,19.0091,98.0999,1.9001,2.43,2.633,6.2114,5.8235,68.2096,0.0017,76.4737,67.4227,7.0648,371.8124,7.5623,-9.5983,7.5623,-9.5983,-8.0799,-81.0751,19.7858,-71.8869,37.8327,-66.881,-1
0,300187.XSHE,2011/4/26,89.83,76.0349,4.26,12.48,-1286.0601,300187.XSHE,2.35,2.35,1.62,11.02,26.34,87.81,11.93,11.02,3.59,8.37,0.3,93.99,-2.02,,65.06,-7.39,-60.62,20.68,22.06,20.68,22.06,-10.79,5.09,-5.49,9.53,-5.49,9.53,1
0,300187.XSHE,2011/8/25,88.39,87.1346,4.95,11.95,6.02,300187.XSHE,0.54,0.54,0.36,3.14,14.53,98.53,1.03,3.14,4.32,12.91,-5.21,39.65,-11.94,,82.78,-48.54,-3295.0901,39.34,-20.72,39.34,-20.72,-89.53,-93.16,-63.94,-77.43,-63.94,-77.43,-1
0,300187.XSHE,2011/10/24,84.69,75.2192,4.19,9.66,6.29,300187.XSHE,3.15,3.15,2.26,16.25,30.58,81.09,18.91,16.25,4.82,8.42,-3.82,100,0,,42,-52.49,-277.62,8.13,23.84,8.13,23.84,8.1,2173.74,-3.72,541.13,-10.24,497.7,-1
0,300187.XSHE,2012/4/24,89.29,75.9549,4.24,9.55,7.63,300187.XSHE,2.1,2.1,1.48,11.87,17.5,86.42,13.58,11.87,1.43,5.73,-5.66,99.17,0,,107.16,105.66,778.02,15.37,-3.72,15.37,-3.72,13.1,-30.85,11.44,-29.68,-0.79,-32.85,1
0,300187.XSHE,2012/4/24,64.04,64.17,3,6.85,5.47,300187.XSHE,2.66,2.66,1.92,19.2,34.02,75.35,24.65,19.2,3.04,8.08,-3.77,99.62,0,,70.84,-13.32,-54.05,15.09,21.76,15.09,21.76,137.83,120.99,100.47,97.03,100.47,121.31,1
0,300187.XSHE,2012/8/17,72.57,93.5232,4.26,9.27,-28.41,300187.XSHE,1.65,1.65,1.16,9.17,21.49,88.55,11.45,9.17,3.93,6.53,-2.14,99.65,0,,73.09,7.49,65.44,88.64,29.94,88.64,29.94,1997.6899,-39.63,451.06,-37.96,451.06,-37.96,-1
0,300187.XSHE,2012/10/23,64.22,101.5492,4.63,8.52,-51.77,300187.XSHE,1.71,1.71,1.17,6.64,19.17,92.38,7.62,6.64,4.64,5.93,-0.52,99.98,0,,37.49,-17.58,-230.78,119.12,43.84,119.12,43.84,-11.72,-4.31,-10.38,4.26,-3.87,4.26,-1
0,300187.XSHE,2013/4/19,63.28,99.0999,4.39,6.62,-46.58,300187.XSHE,0.95,0.95,0.64,5.94,18.67,92.68,4.95,5.94,3.44,8.94,-3.28,147.67,-47.93,,97.8,-21.82,-297.91,43.06,-37.14,43.06,-37.14,-47.89,-59.19,-28.36,-43.79,-19.53,-43.79,1
0,300187.XSHE,2013/4/19,75.23,77.7578,5.22,7.87,-55.39,300187.XSHE,1.27,1.25,0.86,9.67,21.99,88.97,11.03,9.67,3.13,7.84,-1.63,98.31,0,98.34,73.8,-23.45,-212.62,-0.61,-15.41,-0.61,-15.41,-55.53,88.6,-49.94,37.69,-49.94,37.69,1
0,300187.XSHE,2013/8/22,95.72,77.5464,5.14,7.34,-23.15,300187.XSHE,1.65,1.66,1.1,7.42,17.37,91.38,8.62,7.42,2.8,5.36,-0.9,100.64,0,100.62,62.03,14.78,171.45,30.5,70.63,30.5,70.63,-1.75,33.39,5.7,31,5.7,31,-1
0,300187.XSHE,2013/10/26,112.22,92.4291,5.86,8.14,-34.46,300187.XSHE,2.78,2.74,1.82,11.5,21.69,86.75,13.25,11.5,3.09,5.38,-0.95,98.69,0,98.7,51.78,-15.41,-116.3,0.19,10.43,0.19,10.43,74.27,69.74,73.33,70.97,73.33,70.97,-1
0,300187.XSHE,2014/4/25,107.19,107.6101,6.77,9.47,-46.25,300187.XSHE,0.91,0.7,0.58,4.86,18.54,95.46,4.54,4.86,3.6,9.45,-1.27,77.44,0,76.85,107.07,32.79,722.53,23.76,-22.35,23.76,-22.35,13.56,-73.41,1.13,-67.21,1.13,-67.21,1
0,300187.XSHE,2014/4/25,88.17,88.0312,5.52,7.79,-38.04,300187.XSHE,0.73,0.73,0.46,5.37,16.57,93.79,6.21,5.37,2.55,7.92,-1.19,99.9,0,99.9,86.96,-12.48,-201,10.09,-24.75,10.09,-24.75,-38.03,2.93,-38.91,-16.82,-38.91,-16.82,1
0,300187.XSHE,2014/7/24,113.65,105.2813,6.42,8.74,-184.11,300187.XSHE,2.83,2.8,1.76,8.08,15.23,90.76,9.24,8.08,1.65,3.71,-0.73,98.88,0,98.9,71.53,21.73,235.11,69.15,162.17,69.15,162.17,81.35,290.34,84.07,294.7,84.07,294.7,-1
0,300187.XSHE,2014/10/27,106.24,120.5653,7.26,8.4,146.36,300187.XSHE,1.85,1.84,1.13,7.37,17.32,91.43,8.57,7.37,2.21,6.12,-1.04,99.39,0,99.39,73.08,4.3,50.23,10.39,-27.93,10.39,-27.93,-28.63,-33.2,-29.24,-34.27,-29.24,-34.27,-1
0,300187.XSHE,2015/4/25,111.93,113.1459,6.75,7.68,101.63,300187.XSHE,0.86,0.57,0.5,2.83,16.99,97.38,2.62,2.83,4.61,6.3,-0.57,70.23,0,66.07,99.84,21.3,814.13,68.16,18.28,68.16,18.28,-3.08,-63.88,-1.97,-54.57,0.28,-53.53,-1
0,300187.XSHE,2015/4/25,144.66,144.6083,8.67,9.92,131.35,300187.XSHE,0.71,0.66,0.37,4.41,17,95.16,4.84,4.41,3.34,8.75,-0.77,93.21,0,93.25,96.48,-16.46,-340.06,9.62,-50.95,9.62,-50.95,-14.5,-9.21,-9.86,-23.51,2.77,-14.76,-1
0,300187.XSHE,2015/8/26,142.4,142.8475,8.43,8.55,-97.5,300187.XSHE,2.75,2.55,1.57,10.82,21.36,87.89,12.11,10.82,2.33,4.68,-0.28,93.6,0,92.94,57.12,-66.9,-552.27,-26.24,76.41,-26.24,76.41,-3.33,341.35,-1.18,332.72,1.98,291.69,1
0,300187.XSHE,2015/10/27,109.68,111.0043,6.55,7.28,-18.9,300187.XSHE,4.23,2.87,2.55,19.66,23.8,85.22,14.64,19.66,1.96,5.41,-0.12,63.41,-0.59,67.93,78.6,6.65,45,6.77,4.32,6.77,4.32,82.52,26.12,184.83,89.44,186.13,84.41,1
0,300187.XSHE,2016/4/7,135.71,212.2674,9.01,13.68,777.41,300187.XSHE,3.14,1.5,1.76,18.28,29.1,86.64,23.22,18.28,4.39,11.72,-2.43,65.21,48.14,47.84,162.56,92.07,689.17,-28.42,-20.7,-28.42,-20.7,535.47,25.74,362.31,-26.26,364.97,-24.48,-1
0,300187.XSHE,2016/4/27,115.49,87.3848,7.67,11.64,661.59,300187.XSHE,0.53,0.32,0.24,4.42,23.63,94.79,4.65,4.42,6.19,15.14,-2.63,90.69,-9.79,61.21,113.06,-23.95,-459.44,-0.23,-31.63,-0.23,-31.63,-4.19,-86.31,-0.07,-83.47,9.57,-79.91,-1
0,300187.XSHE,2016/8/10,76.45,76.868,6.53,11.23,20.81,300187.XSHE,3.7142,3.5293,2.1303,10.6344,19.2662,89.2795,12.254,10.6344,1.6547,5.0194,-0.7238,85.9539,12.2949,95.0195,54.1132,10.9309,101.962,129.0948,305.0804,129.0948,305.0804,131.7533,967.5621,125.0625,874.5737,99.7023,613.908,-1
0,300187.XSHE,2016/10/28,68.93,84.61,6.95,8.98,20.33,300187.XSHE,1.5594,1.3011,0.8073,7.1944,20.1781,91.9249,8.0751,7.1944,3.4319,9.2974,-1.3461,91.5956,,83.4323,94.9339,11.3675,140.7726,34.1294,-38.9251,34.1294,-38.9251,-26.0419,-59.753,-50.9116,-58.6817,-53.4094,-56.9782,-1
0,300187.XSHE,2017/4/27,70.2,70.7732,5.72,6.99,82.78,300187.XSHE,4.3598,3.3557,2.9721,14.9656,29.74,82.5307,17.6403,14.9656,3.3463,9.6713,0.1201,97.4295,0.9541,76.9687,127.1662,42.6158,243.9476,210.8338,83.7721,210.8338,83.7721,136.1209,301.4561,154.4952,282.278,79.1622,190.409,-1
0,300187.XSHE,2017/4/27,59.57,59.5694,5.56,5.08,80.43,300187.XSHE,1.0735,0.8547,0.663,8.4862,20.693,90.2554,9.7446,8.4862,2.2615,10.1297,-1.2208,94.9235,,79.6214,88.4096,-74.5101,-764.6315,79.4422,-60.5324,79.4422,-60.5324,276.0637,-78.198,244.5078,-77.6199,127.317,-74.5146,-1
0,300188.XSHE,2011/4/23,91.35,63.7638,4.27,21.25,151.93,300188.XSHE,-0.38,-0.38,-0.31,-5.8,48.29,134.8,-34.8,-5.8,34.91,46.75,-0.44,600.38,0,,102.28,-244.02,701.21,59.97,-74.35,59.97,-74.35,-239.49,-152,16.78,-106.64,16.78,-106.64,-1
0,300188.XSHE,2011/8/12,47.1,47.4188,3.15,9.88,3.73,300188.XSHE,2.01,2.01,1.59,16.45,61.89,89.49,10.51,16.45,21.77,28.31,-1.79,64.21,0,,102.87,-17.51,-166.55,40.54,85.55,40.54,85.55,0.97,156.04,17.51,626.58,17.51,626.58,-1
0,300188.XSHE,2011/10/21,44.29,45.7764,2.94,8.95,3.67,300188.XSHE,5.42,5.42,4.4,28.33,61.4,72.49,27.51,28.33,15.26,17.14,-1.06,85.39,0,,87.62,-19.37,-70.39,50.54,60.84,50.54,60.84,58.5,321.03,31.01,177.02,31.01,177.02,1
0,300188.XSHE,2012/3/31,40.16,46.2066,2.97,8.11,4.05,300188.XSHE,8.99,8.99,6.8,27.49,68.03,71.82,28.18,27.49,19.1,24.17,-6.59,87.7,0,,123.13,65.68,233.08,36.94,78.93,36.94,78.93,124.87,83.26,68.06,73.62,68.06,73.62,1
0,300188.XSHE,2012/4/23,41.12,31.5755,2.88,8.3,4.14,300188.XSHE,0.13,0.13,0.11,2.53,59.72,106.19,-6.19,2.53,27.16,39.87,-1.62,-226.83,0,,185.33,-88.45,1429.64,45.43,-72.77,45.43,-72.77,74.15,-105.98,163.39,-97.5,163.39,-97.5,1
0,300188.XSHE,2012/8/24,39.14,40.5871,3.7,8.93,-7.28,300188.XSHE,0.95,0.95,0.78,13.02,59.14,106.21,-6.21,13.02,25.94,44.38,-7.15,-41.18,0,,112.11,12.69,-204.3,9.7,39.97,9.7,39.97,-164.82,-40.51,-13.18,621.24,-13.18,621.24,-1
0,300188.XSHE,2012/10/25,43.28,44.1968,4.06,9.58,-11.17,300188.XSHE,3.17,3.17,2.67,23.89,59.59,78.65,21.35,23.89,13.88,26.24,-3.66,77.8,0,,74.01,-6.41,-30.03,29.62,90.04,29.62,90.04,0.56,753.19,9.29,248.71,9.29,248.71,-1
0,300188.XSHE,2013/3/28,41.14,43.2771,3.42,8.73,-7.17,300188.XSHE,6.75,6.75,5.62,28.35,60.46,77.67,22.33,28.35,16.17,19.5,-1.17,78.44,0,,88.91,33.24,148.82,35.1,86.49,35.1,86.49,7.07,95.12,39.32,121.33,38.95,120.73,1
0,300188.XSHE,2013/4/24,34.4,34.404,3.46,7.71,-33.12,300188.XSHE,-0.49,-0.73,-0.43,-8.49,43.75,128.86,-28.86,-8.49,25.64,51.97,-4.14,360.73,0,,133.04,-162.67,563.59,30.9,-73.61,30.9,-73.61,-510.72,-134.1,-539.81,-107.9,-533.96,-107.82,1
0,300188.XSHE,2013/8/22,49.17,46.2113,4.67,10.05,-45.38,300188.XSHE,0.52,-0.19,0.45,5.92,53.99,103.24,4.22,5.92,20.29,31.38,-1.53,-44.33,102.03,-35.66,93.94,-12.64,390.22,40.85,50.61,40.85,50.61,195.65,122.01,-35.91,205.1,-36.93,204.82,-1
0,300188.XSHE,2013/10/24,51.59,46.9466,4.72,9.67,-24.41,300188.XSHE,1.79,1.48,1.65,17.1,62.17,84.81,14.4,17.1,17.14,30.5,-1.81,76.87,-3.97,82.46,86.41,-36.24,-238.66,-3.92,29.63,-3.92,29.63,-35.18,342.63,-31.24,274.12,-37.03,248.17,1
0,300188.XSHE,2014/3/28,60.41,48.6435,4.61,10.12,308.99,300188.XSHE,5.24,4.69,4.81,25.42,68.17,76.31,23.83,25.42,17.16,24.04,-0.64,83.23,0.47,89.49,151.31,88.13,372,7.67,109,7.67,109,14.87,245.8,-3.46,210.74,-14.01,201.43,1
0,300188.XSHE,2014/4/26,67.39,67.387,4.58,9.72,225.71,300188.XSHE,-0.07,-0.25,0.18,2.99,60.44,108.93,-9.69,2.99,20.55,48.41,-3.28,-224.34,-19.03,,149.37,-142.86,1599.54,35.26,-66.85,35.26,-66.85,54.59,-113.48,147.59,-96.1,84.56,-101.4,1
0,300188.XSHE,2014/8/22,75.46,79.8014,5.35,11.05,144.27,300188.XSHE,2.14,1.81,1.95,20.28,62.3,80.93,18.44,20.28,15.45,32.41,-1.59,80.73,-2.66,84.3,109.39,19.03,99.81,44.71,61.13,44.71,61.13,532.67,406.63,395.45,994.17,344.98,3120.6599,1
0,300188.XSHE,2014/10/24,116.18,151.4494,10.02,19.49,159.32,300188.XSHE,1.31,1.17,1.38,13.83,66.73,87.37,11.67,13.83,16.3,34.97,-1.58,80.33,-6.14,88.97,145.68,19.45,153.96,19.06,6.65,19.06,6.65,-3.55,-32.52,-3.68,-27.26,-21.25,-38.38,-1
0,300188.XSHE,2015/3/27,82.37,103.0221,6.15,12.76,152.09,300188.XSHE,9.75,9.5,7.34,25.85,63.82,72.14,27.21,25.85,11.47,21.58,-0.61,98.58,-2.3,97.5,116.85,66.32,238.02,79.73,215.5,79.73,215.5,105.28,635.95,82.75,489.55,104.92,684.37,1
0,300188.XSHE,2015/4/27,83.86,83.8553,10.17,15.93,283.62,300188.XSHE,0.09,-0.07,0.17,2.75,68.59,105.35,-6.81,2.75,21.01,53.24,-3.14,-185.48,-50.65,-72.29,163.91,-177.7,3322.3201,27.64,-76.46,27.64,-76.46,10.29,-105.89,17.53,-97.5,246.39,-99,1
0,300188.XSHE,2015/8/26,141.85,143.6581,16.41,26.55,-11348.6396,300188.XSHE,1.86,1.69,1.48,15.59,63.54,95.45,3.31,15.59,16.52,40.89,-1.55,28.43,-7.73,90.9,59.75,-16.43,-360.81,21.32,53.14,21.32,53.14,-78.19,174.55,-6.74,768.27,1.29,1990.21,-1
0,300188.XSHE,2015/10/26,84.94,86.1949,9.85,15.4,-763.65,300188.XSHE,1.71,1.59,1.37,12.5,67.76,84.67,14.12,12.5,14.9,37.31,-0.84,91.24,-7.25,93.31,84.17,-20.73,-135.2,36.29,19.82,36.29,19.82,64.91,410.24,23.13,-3.97,51.14,-8.06,1
0,300188.XSHE,2016/4/25,184.29,196.0556,22.37,33.04,-475.47,300188.XSHE,7.46,6.83,6.45,27.09,64.69,73.44,26.21,27.09,11.68,21.43,-0.29,87.6,-1.14,91.63,142.26,88.84,334.51,24.8,188.89,24.8,188.89,20.21,436.46,30.8,526.26,13.03,486.57,-1
0,300188.XSHE,2016/4/25,118.78,108.7463,14.42,21.3,-306.45,300188.XSHE,0.06,-0.02,0.04,0.75,64.33,116.44,-18.56,0.75,21.81,55.82,-1.34,-1147.15,-148.05,-25.14,224.41,-106.53,647.97,32.18,-75.07,32.18,-75.07,-260.33,-117.66,-63.95,-99.31,21.55,-98.92,-1
0,300188.XSHE,2016/8/26,97.34,97.4765,7.75,16.46,115.17,300188.XSHE,1.3322,1.166,0.8463,11.5658,71.9938,92.2377,8.1839,11.5658,16.6762,44.6302,-1.0199,59.2168,3.2165,87.5249,75.1285,-37.3898,-481.6833,27.8853,48.1689,27.8853,48.1689,215.7432,165.3231,-5.1309,2185.1101,23.5744,2025.064,-1
0,300188.XSHE,2016/10/27,83.74,86.536,6.85,14.01,-1958.0601,300188.XSHE,1.3351,1.1507,0.9653,11.1616,70.1453,88.3007,10.9446,11.1616,15.8411,39.5577,-0.7074,82.9174,-5.3485,86.1933,135.3848,32.0875,274.2691,27.9027,19.8363,27.9027,19.8363,-0.829,60.2603,14.247,15.6484,35.9511,1.1459,-1
0,300188.XSHE,2017/3/28,73.93,79.7261,6.23,12.31,252.4,300188.XSHE,7.6488,7.1728,5.7956,25.1765,62.1609,77.0221,22.8776,25.1765,11.7972,21.7778,-0.4093,82.8015,-0.3615,93.7773,119.7473,82.0211,356.9561,32.3118,198.853,32.3118,198.853,15.4825,524.6952,22.9753,574.103,39.9981,504.0357,-1
0,300188.XSHE,2017/4/26,51.77,51.7746,5.07,9.48,-132.48,300188.XSHE,0.18,0.1015,-0.048,-0.8499,60.0328,103.7592,-4.6165,-0.8499,21.0828,49.392,-1.9962,-424.1049,-96.7178,56.4042,116.0025,-123.1238,3275.2419,38.7888,-73.8452,38.7888,-73.8452,65.4843,-105.2778,-257.287,-100.8829,220.057,-97.5348,-1
0,300189.XSHE,2011/4/28,87.32,62.8235,3.09,13.59,882.92,300189.XSHE,4.09,4.09,3.78,21.68,31.8,77.97,22.03,21.68,5.82,3.66,0.25,99.8,0,,83.26,1.44,6.54,19.73,57.05,19.73,57.05,23.35,107.83,23.49,94.16,24.6,94.42,-1
0,300189.XSHE,2011/8/25,44.85,49.5414,2.41,7.25,3.51,300189.XSHE,1.82,1.82,1.66,11.94,29.56,86.82,13.18,11.94,10.13,5.8,-0.25,100.04,0,,89.31,0.02,0.18,-2.75,-22.08,-2.75,-22.08,-18.19,-53.38,-17.63,-57.1,-18.87,-55.02,-1
0,300189.XSHE,2011/10/25,43.43,45.5646,2.22,6.72,3.53,300189.XSHE,-0.24,-0.24,-0.3,-7.73,26.61,108.34,-8.34,-7.73,23.26,14.89,-3.12,109.67,0,,176.53,4.61,-55.29,-11.51,-71.57,-11.51,-71.57,-878.92,-118,-1447.04,-118.4,-443.18,-113.21,1
0,300189.XSHE,2012/4/27,49.17,49.5934,2.42,7.39,3.99,300189.XSHE,1.7,1.7,1.72,13.47,27.91,86.56,13.44,13.47,9.23,8.77,-3.2,98.75,0,,98.71,1.29,9.6,14.79,229.93,14.79,229.93,-7.34,631.25,-11.82,675.25,-17.96,810.15,-1
0,300189.XSHE,2012/4/27,38.17,40.1138,1.86,5.74,3.1,300189.XSHE,2.63,2.63,2.6,22.08,31.26,78,22,22.08,6.07,4.22,-1.07,98.3,0,,81.41,0.3,1.36,1.46,38.81,1.46,38.81,1.34,127.32,3.32,127.5,4.33,147.25,-1
0,300189.XSHE,2012/8/25,41.29,42.2806,1.91,5.81,-12.72,300189.XSHE,1.17,1.17,1.07,15.51,27.79,83.53,16.34,15.51,12.73,9.59,-11.4,100.08,-0.78,,109.67,10.76,65.33,-23.33,-41.11,-23.33,-41.11,-4.93,-56.26,-0.36,-58.62,3.85,-55.23,-1
0,300189.XSHE,2012/10/24,41.89,43.2936,1.93,6.37,-26.99,300189.XSHE,-0.21,-0.21,-0.28,-8.87,23.39,113.57,-13.57,-8.87,24.04,18.75,-5.71,155.13,0,,143.21,17.08,-125.88,21.13,-55.09,21.13,-55.09,-96.97,-137.29,-39.09,-125.69,-40.02,-117.81,-1
0,300189.XSHE,2013/4/18,41.84,42.6869,1.91,6.17,-13.83,300189.XSHE,1,1,1.53,16.27,38.55,83.03,16.97,16.27,10.36,13.17,-3.26,90.93,-0.02,,84.85,-36.87,-217.25,19.9,226.57,19.9,226.57,51.39,508.33,44.8,698.86,-5.18,580.89,-1
0,300189.XSHE,2013/4/20,40.73,41.2191,1.86,6.01,-13.46,300189.XSHE,2.55,2.49,2.24,20.67,34.91,79.72,20.28,20.67,7.72,7.62,-0.75,96.67,0,97.35,74.6,-15.17,-74.79,8.89,26.07,8.89,26.07,0.39,50.73,1.92,60.13,0.37,161.72,-1
0,300189.XSHE,2013/8/24,35.17,35.2447,1.55,4.71,-9.19,300189.XSHE,0.68,0.68,0.09,1.87,17.34,97.53,2.47,1.87,14.7,14.11,-13.81,88.16,0,99.63,119.17,32.21,1304.26,-12.3,-52.57,-12.3,-52.57,-86.75,-94.23,-89.44,-95.71,-40.14,-73.3,-1
0,300189.XSHE,2013/10/26,45.35,40.7893,1.81,5.6,-8.92,300189.XSHE,-0.68,-0.7,-0.76,-25.91,32.65,127,-27,-25.91,31.68,34.02,-6.04,104.89,0,,210.33,30.3,-112.19,12.33,-42.47,12.33,-42.47,-123.54,-728.96,-228.01,-897.51,-231.63,-198.69,1
0,300189.XSHE,2014/4/25,63.98,50.8039,2.25,6.89,-10.56,300189.XSHE,0.31,0.12,0.61,6.58,27.2,94.43,5.61,6.58,11.02,10.26,-0.44,70.98,0.48,39.57,59.5,-0.61,-10.92,10.97,222.61,10.97,222.61,-63.29,167.05,-55.1,181.97,-68.06,146.31,-1
0,300189.XSHE,2014/4/25,50.99,62.7717,1.77,5.49,-8.41,300189.XSHE,1.36,1.28,1.14,13.86,35.1,86.94,13.05,13.86,11.4,11.01,-0.37,92.46,-0.01,94.42,71.11,-26.29,-201.37,-20.3,-9.45,-20.3,-9.45,-48.71,110.61,-46.54,90.69,-46.07,341.95,-1
0,300189.XSHE,2014/8/25,112.36,66.3701,1.88,6.08,-10.09,300189.XSHE,-0.82,-0.87,-1.06,-28.14,14.23,129.16,-29.51,-28.14,26.34,24.8,-7.47,104.25,1.24,,143.38,0.97,-3.32,-23.2,-54.3,-23.2,-54.3,-1017.58,-203.31,-1256.4,-192.77,-221.71,-160.26,-1
0,300189.XSHE,2014/10/24,1391.98,90.0927,2.66,8.65,-12.08,300189.XSHE,-3,-2.69,-2.96,-372.81,-45.25,433.69,-335.94,-372.81,108.88,177.75,2.91,89.61,0.6,,458.35,223.73,-67.05,-72.13,-79.12,-72.13,-79.12,-246.77,-137.7,-301.1,-176.62,-341.66,-258.11,-1
0,300189.XSHE,2015/4/16,-97.75,71.8609,2.22,7.54,-17.59,300189.XSHE,-4.33,-4.38,-4.18,-48.21,5.67,149.07,-49.05,-48.21,13.58,12.74,-0.88,102.04,-0.05,,91.55,36.31,-73.99,-6.92,977.26,-6.92,977.26,-913.4,-57.28,-781.69,-39.3,-1446.24,-41.16,1
0,300189.XSHE,2015/4/24,-153.74,-49.0721,3.52,11.86,-27.67,300189.XSHE,-0.86,-0.93,-0.73,-11.12,18,112.28,-12.34,-11.12,14.47,16.06,-0.25,111.35,0.56,,61.87,-27.27,222.04,-24.8,-26.84,-24.8,-26.84,-171.1,81.59,-160.34,83.12,-157.63,81.08,1
0,300189.XSHE,2015/8/26,-98.9,-131.3374,9.33,36.15,-137.71,300189.XSHE,0.9,0.81,0.56,8.61,32.83,92.11,7.78,8.61,13.41,12.56,-2.4,89.35,-1.17,90.4,75.68,54.34,688.95,61,-2.15,61,-2.15,142.47,161.71,149.28,175.76,200.93,205.54,-1
0,300189.XSHE,2015/10/23,-122.08,-131.3606,9.34,32.29,-262.81,300189.XSHE,0.31,0.11,-0.08,-2.91,46.36,108.43,-8.7,-2.91,31.81,28.45,-5,297.77,9.71,34.83,198.31,96.05,-1139.42,235.68,-56.47,235.68,-56.47,91.3,-148.68,97.38,-114.69,109.74,-65.45,-1
0,300189.XSHE,2016/4/26,-147.01,-85.7605,6.08,19.41,-261.37,300189.XSHE,0.23,-1.88,0.22,5.07,10.11,133.12,-32.15,5.07,21.71,21.07,-0.31,-635.74,18.56,-827.14,97.73,8.75,-26.43,-41.05,89.17,-41.05,89.17,61.36,-598.67,106.2,430.08,105.39,-21.87,-1
0,300189.XSHE,2016/4/26,-130.94,903.8358,5.41,17.29,-232.8,300189.XSHE,-0.28,-0.47,-0.08,-1.74,21.12,104.82,-5.03,-1.74,16.39,15.24,-5.69,281.15,12.07,,72.02,-49.6,1028.6,-2.28,21.28,-2.28,21.28,60.18,81.03,84.76,-141.51,62.77,-230.69,-1
0,300189.XSHE,2016/8/27,405.65,766.891,4.05,17.36,310.8,300189.XSHE,0.6438,0.4707,0.4211,2.4728,10.7223,96.9635,2.9109,2.4728,3.7425,4.3062,-1.2386,86.3837,-3.5732,73.115,41.209,-27.7593,-914.1747,304.2787,304.7986,304.2787,304.7986,51.1844,334.2812,16.0854,676.9109,-18.2855,331.6609,-1
0,300189.XSHE,2016/10/29,428.61,692.9408,3.63,8.11,-59.77,300189.XSHE,-2.1222,-2.1747,-1.2101,-7.3308,1.9344,107.5104,-7.6929,-7.3308,4.1176,4.5814,0.763,106.8701,2.5975,102.4705,55.3293,-57.2348,762.075,902.1057,7.8973,902.1057,7.8973,-785.625,-385.148,-2428.302,-419.8736,-873.3853,-426.9757,-1
0,300189.XSHE,2017/4/26,-247.83,718.9603,3.86,5.18,651.71,300189.XSHE,2.9518,1.6233,1.7381,25.5327,45.5847,81.32,26.8578,25.5327,9.9066,6.976,7.9327,66.0512,28.9162,54.9943,-24.9262,-212.2977,-1136.4998,146.258,-53.5128,146.258,-53.5128,305.7258,262.2975,1140.1802,261.9127,1281.6534,239.573,-1
0,300189.XSHE,2017/4/26,262.08,262.0757,3.45,2.04,583.44,300189.XSHE,0.3611,0.2218,0.367,0.8732,4.2515,99.0805,0.903,0.8732,1.6882,1.2559,0.2399,82.0413,-1.4712,61.4161,82.5814,-18.9706,-2063.1096,1252.9769,566.3573,1252.9769,566.3573,342.9172,-77.5953,780.8871,-77.212,231.4799,-87.5637,-1
0,300190.XSHE,2011/4/22,73.45,73.4479,3.89,15.81,128.98,300190.XSHE,1.95,1.95,1.44,15.19,42.11,82.08,17.78,15.19,4.41,16.02,0.83,100.83,-0.78,,40.27,-59.25,-330.67,62.02,-0.49,62.02,-0.49,52.9,-38.99,53.85,-37.38,53.85,-37.38,-1
0,300190.XSHE,2011/7/19,50.31,54.0058,2.91,10.44,3.32,300190.XSHE,2.54,2.54,1.92,19.53,44.36,76.89,22.96,19.53,3.86,12.17,-0.12,100.88,-0.66,,24.24,-37.67,-162.99,17.59,-0.27,17.59,-0.27,-9.37,28.8,-11.45,28.19,-11.45,28.19,1
0,300190.XSHE,2011/10/22,55.95,58.1149,3.09,10.8,4.09,300190.XSHE,2.23,2.23,1.69,25.19,49.71,75.96,23.75,25.19,5.51,17.83,-0.16,80.97,-0.98,,50.12,-26.83,-111.58,-23.17,-31.3,-23.17,-31.3,-15.51,-28.94,6.3,-11.37,6.3,-11.37,1
0,300190.XSHE,2012/3/10,50.63,53.3014,2.83,10.46,3.88,300190.XSHE,3.12,3.12,2.3,15.91,36.69,80.27,19.59,15.91,4.8,10.39,-4.4,102.23,-0.71,,52.48,-1.48,-7.52,53.84,125.63,53.84,125.63,3.93,86.09,1.37,42.46,1.37,42.46,-1
0,300190.XSHE,2012/4/17,38.4,38.4049,2.12,6.95,3.21,300190.XSHE,1.16,1.16,0.95,15.72,45.58,80.99,18.83,15.72,7.42,16.78,-2.4,100.88,-0.93,,84,-54.85,-288.58,2.52,-33.69,2.52,-33.69,8.57,-36.26,6.09,-34.46,6.09,-34.46,1
0,300190.XSHE,2012/7/31,44.73,45.2759,2.47,8.14,-13.5,300190.XSHE,2.02,2.02,1.69,17.87,38.8,80.33,19.53,17.87,2.86,17.18,-11.88,94.23,-0.68,,13.78,-56.81,-288.8,60.84,56.47,60.84,56.47,36.79,62.28,47.2,77.87,47.2,77.87,1
0,300190.XSHE,2012/10/26,44.59,50.4819,2.67,7.95,-15.61,300190.XSHE,1.37,1.37,1.15,17.61,43.36,78.72,21.2,17.61,4.15,15.78,-3.06,100.92,-0.36,,87.1,1.68,7.88,62.18,-30.73,62.18,-30.73,44.78,-24.79,13.34,-31.76,13.34,-31.76,-1
0,300190.XSHE,2013/4/18,37.54,43.6326,2.19,6.32,-14.9,300190.XSHE,3.07,3.07,2.55,22.99,36.83,73.08,26.82,22.99,3.31,8.83,-4.48,101.54,-0.36,,48.12,0.64,2.37,25.63,74.78,25.63,74.78,72,121.08,81.59,128.25,81.59,128.25,1
0,300190.XSHE,2013/4/25,46.35,37.8196,2.7,7.8,-18.39,300190.XSHE,1.08,1.05,0.92,16.13,41,81.02,18.75,16.13,5.49,23.94,-3.64,98.72,-1.17,97.81,145.36,27.17,143.15,0.25,-47.08,0.25,-47.08,-0.15,-63,2.83,-62.89,2.83,-62.89,1
0,300190.XSHE,2013/8/15,34.71,34.8573,2.46,6.68,-17.92,300190.XSHE,0.41,0.42,0.31,7.34,37.16,89.82,9.79,7.34,7.48,21.89,-5.35,106.58,-4.09,102.4,93.5,-45.46,-446.48,-53.23,-27,-53.23,-27,-76.55,-61.89,-80.78,-66.76,-78.36,-62.56,1
0,300190.XSHE,2013/10/28,46.35,36.9918,2.62,8.35,-26.25,300190.XSHE,0.72,0.74,0.57,11.33,46.62,84.65,15.09,11.33,7.64,19.75,-3.92,104.52,-1.78,102.69,53.68,-58.96,-384.01,-18.26,21.06,-18.26,21.06,-41.82,86.61,-47.42,86.72,-43.21,79.06,-1
0,300190.XSHE,2014/3/8,70.52,50.8119,3.58,11.97,-15.18,300190.XSHE,0.81,-0.03,0.72,7.49,29.2,101.33,-1.37,7.49,4.73,11.87,-3.2,-22.23,-0.57,-3.25,91.98,-10.98,824.08,-8.62,95.4,-8.62,95.4,-104.66,-117.69,-70.24,29.18,-72.21,11.68,-1
0,300190.XSHE,2014/4/22,108.84,108.8424,3.22,11.3,-11.99,300190.XSHE,1.22,1.13,0.92,12.65,40.18,84.26,15.41,12.65,8.96,19.67,-1.2,101.31,-2.11,92.65,125.49,40.16,255.17,35.95,-21.27,35.95,-21.27,11.7,987.83,6.62,32.96,14.33,52.7,1
0,300190.XSHE,2014/8/26,140.34,147.5336,4.41,14.14,-18.52,300190.XSHE,1.29,1.36,1.02,12.27,37.43,87.07,12.72,12.27,5.38,15.22,-1.27,101.04,-1.63,105.82,60.01,-43.02,-332.74,112.52,14.12,112.52,14.12,176.11,-5.79,255.01,10.69,222.03,5.46,-1
0,300190.XSHE,2014/10/24,128.05,172.725,3.49,14.09,-19.42,300190.XSHE,1.48,1.42,1.16,13.46,39.61,85.02,14.87,13.46,4.32,16.89,-1.02,96.41,-0.68,95.71,50.84,-14.57,-97.26,134.16,33.38,134.16,33.38,130.73,55.94,178.31,46.38,155.58,42.11,-1
0,300190.XSHE,2015/3/14,88.95,153.1986,2.99,10.29,151.97,300190.XSHE,4.42,4.43,3.66,17.4,31.53,79.93,20.09,17.4,1.61,9.09,-0.32,100.17,0.06,100.28,43.02,20.31,101.18,199.2,149.68,199.2,149.68,4498.52,237.23,595.38,222.78,598.51,205.23,1
0,300190.XSHE,2015/4/21,68.67,68.6679,4.41,10.14,3083.24,300190.XSHE,0.87,0.81,0.6,8.66,38.04,90,9.87,8.66,5.1,17.97,-0.04,93.98,-1.22,92.88,92.2,-46.2,-461.99,61.01,-57.63,61.01,-57.63,3.14,-79.18,10.27,-78.92,9.22,-76.12,1
0,300190.XSHE,2015/8/1,123.04,124.4357,7.92,16.99,-180.08,300190.XSHE,2.18,2.18,1.56,13.3,33.47,84.62,15.31,13.3,1.71,9.46,0.81,100.3,-0.46,99.81,42.53,15.25,99.19,164.11,87.19,164.11,87.19,217.8,190.28,186.26,187.36,161.9,152.88,-1
0,300190.XSHE,2015/10/24,54.53,66.6024,4.24,7.38,36.75,300190.XSHE,2.11,1.99,1.35,15.3,36.44,82.75,17.04,15.3,1.71,11.28,2.22,95.15,-1.13,94.17,50.52,-32.66,-189.41,56.07,-21.18,56.07,-21.18,78.83,-12.25,77.36,-9.31,80.03,-2.31,-1
0,300190.XSHE,2016/3/26,64.27,87.9819,5.48,8.98,-556.05,300190.XSHE,2.81,2.65,2.04,13.78,31.7,85.02,15.16,13.78,2.3,9.93,1.67,93.93,1.13,94.38,80.84,41.1,274.36,5.89,69.41,5.89,69.41,-20.08,50.72,-16.15,52.61,-20.27,35.18,-1
0,300190.XSHE,2016/4/23,54.89,54.8921,4.17,6.89,64.52,300190.XSHE,1.26,1.11,0.78,13.22,43.09,84.31,13.91,13.22,3.47,18.25,3.65,100.56,-11.4,88.04,77.83,-48.54,-309.31,17.42,-53.02,17.42,-53.02,65.52,-56.88,79.23,-54.93,55.91,-53.31,-1
0,300190.XSHE,2016/8/20,55.48,58.8013,4.42,7.19,196.63,300190.XSHE,1.2096,1.1288,0.7402,13.9764,33.5676,85.1574,15.6719,13.9764,2.9629,13.6326,4.1536,89.8168,5.0182,93.3203,36.4658,-27.0435,-182.2015,-29.0298,13.1409,-29.0298,13.1409,-27.3346,27.4362,-25.3927,19.6163,-19.5485,30.4862,-1
0,300190.XSHE,2016/10/27,58.06,58.4627,2.57,7.75,6.29,300190.XSHE,0.9366,0.8141,0.5967,12.6382,37.0454,87.8211,9.0099,12.6382,3.3834,16.6407,-1.3108,112.0464,-29.1548,86.9192,60.0547,-16.4449,-135.028,-2.3585,8.4385,-2.3585,8.4385,-48.3745,-37.6578,-19.3326,-1.9441,-19.1998,-1.8876,-1
0,300190.XSHE,2017/3/31,56.97,54.4682,2.38,7.26,5.92,300190.XSHE,0.7423,0.8651,0.4671,9.3559,35.9239,94.6277,8.3212,9.3559,3.2678,17.7511,2.014,53.6314,29.4396,116.5525,153.03,88.6697,1650.5093,-37.2685,8.8408,-37.2685,8.8408,-65.568,0.5215,-57.4102,-19.427,-52.2348,-20.0868,-1
0,300190.XSHE,2017/4/27,68.86,68.861,2.29,8.26,5.74,300190.XSHE,1.1909,1.1885,0.5554,8.5894,28.0566,90.2147,9.6747,8.5894,2.9422,13.1726,1.175,92.333,-1.0433,99.7995,60.4861,-3.1775,-32.4722,80.6359,35.2723,80.6359,35.2723,25.6008,57.2746,17.3658,24.1904,65.7273,61.9896,-1
0,300191.XSHE,2011/4/22,53.82,53.8191,3.22,29.83,68.72,300191.XSHE,3.01,3.01,2.95,58.7,81.62,30.95,69.05,58.7,,7.8,-1.16,99.71,0,,27.36,-8.6,-12.46,35.25,-2.44,35.25,-2.44,27.9,5.14,27.38,16.43,27.38,16.43,-1
0,300191.XSHE,2011/8/26,39.03,41.5869,2.45,21.44,3.12,300191.XSHE,2.4,2.4,2.36,56.05,76.37,41.99,58.01,56.05,0,12.68,-14.34,88.17,0,,40.28,7.8,13.45,10.49,-15.54,10.49,-15.54,20.71,-29.05,35,-19.36,35,-19.36,-1
0,300191.XSHE,2011/10/26,34.95,39.4665,2.29,19.92,3.09,300191.XSHE,2.39,2.39,2.35,53.65,81.13,36.08,63.92,53.65,0,15.22,-3.15,100,0,,27.51,-8.98,-14.04,-5.59,5.47,-5.59,5.47,-8.02,16.22,-21.49,0.96,-21.49,0.96,-1
0,300191.XSHE,2012/4/12,31.31,33.2377,1.93,17.01,2.67,300191.XSHE,4.51,4.51,4.39,74.32,74.65,12.6,87.4,74.32,0,5.28,-22.97,98.56,0,,137.45,101.98,116.68,20.9,39.11,20.9,39.11,64.89,90.2,82.66,92.71,82.66,92.71,-1
0,300191.XSHE,2012/4/25,33.84,28.1027,2.03,18.38,2.89,300191.XSHE,1.98,1.98,1.94,67.9,73.92,20.93,79.07,67.9,,8.61,-18.42,99.64,0,,29.68,-1.21,-1.53,0.21,-19.13,0.21,-19.13,14.75,-26.83,15.9,-26.12,15.9,-26.12,1
0,300191.XSHE,2012/8/16,35.13,36.461,2.58,22.55,-45.49,300191.XSHE,1.23,1.23,1.2,44.92,69.05,49.48,50.52,44.92,0,19.77,-19.94,100.42,0,,38.87,-24.75,-48.99,10.16,-7.15,10.16,-7.15,-4.06,-40.68,-11.7,-38.57,-11.7,-38.57,-1
0,300191.XSHE,2012/10/25,32.07,32.5618,2.35,19.71,-24.82,300191.XSHE,1.58,1.58,1.55,59.31,70.17,35.52,64.48,59.31,0,14.03,-18.91,99.52,0,,52.49,24.61,38.16,2.73,-1.65,2.73,-1.65,3.64,25.54,13.57,29.85,13.57,29.85,-1
0,300191.XSHE,2013/4/19,27.21,28.3516,1.95,17.06,-24.13,300191.XSHE,2.96,2.96,2.88,59.18,79.93,25.26,74.74,59.18,0,11.96,-10.41,99.69,0,,94.9,92.97,124.4,40.67,90.49,40.67,90.49,20.29,120.77,12.02,90.07,12.02,90.07,1
0,300191.XSHE,2013/4/25,28.11,26.9459,2.02,17.62,-24.93,300191.XSHE,1.96,1.95,1.9,64.36,71.31,26.6,73.4,64.36,0.96,10.09,-16.27,99.63,0,99.64,34.48,-7.75,-10.55,9.6,-36.99,9.6,-36.99,1.74,-38.11,3.9,-31.47,3.9,-31.47,1
0,300191.XSHE,2013/8/22,30.69,30.9916,2.28,17.67,-34.25,300191.XSHE,1.22,1.21,1.18,43.83,74.18,50.61,49.39,43.83,-1.05,21.43,-15.16,99.4,0,99.42,60.81,-12.1,-24.5,7.74,-8.73,7.74,-8.73,5.33,-38.59,5.11,-37.85,5.11,-37.85,1
0,300191.XSHE,2013/10/25,57.37,58.3955,4.2,32.79,-167.84,300191.XSHE,1.86,1.63,1.81,68.64,67.75,35.58,64.42,68.64,0,15.28,-9.06,86.55,0,87.61,177.65,164.9,255.96,7.68,-1.7,7.68,-1.7,7.58,28.22,24.61,53.94,24.61,53.94,-1
0,300191.XSHE,2014/4/17,105.33,112.4781,7.85,62.25,1311.24,300191.XSHE,3.02,3,2.92,48.89,69.79,36.91,63.09,48.89,0,13.77,-6.79,99.52,0,99.47,44.88,15.6,24.73,31.05,131.83,31.05,131.83,10.62,127.02,8.26,65.13,8.26,65.13,1
0,300191.XSHE,2014/4/24,72.27,70.1715,5.32,42.71,899.67,300191.XSHE,1.27,1.26,1.23,57.86,58.91,33.04,66.96,57.86,,25.23,-16.48,99.47,0,99.47,164.61,48.23,72.04,-23.07,-63.01,-23.07,-63.01,-29.82,-60.74,-30.83,-56.22,-30.83,-56.22,1
0,300191.XSHE,2014/8/15,96.48,89.3281,6.86,51.31,175.82,300191.XSHE,-0.54,-0.54,-0.52,-56.5,47.5,138.65,-38.65,-56.5,0,104.21,-56.82,100.78,0,,101.69,-74.14,191.83,-63.55,-56.76,-63.55,-56.76,-128.53,-124.96,-146.99,-142.22,-146.99,-142.22,-1
0,300191.XSHE,2014/10/24,128.02,90.4039,6.88,59.31,1381.16,300191.XSHE,0.85,0.85,0.82,36.1,72.29,55.94,44.06,36.1,0,31.32,-18.42,99.61,0,99.6,39.2,-8.76,-19.89,-8.23,147.47,-8.23,147.47,-37.24,382.12,-51.74,258.1,-51.74,258.1,-1
0,300191.XSHE,2015/4/24,97.89,57.4698,4.36,38.4,-259.44,300191.XSHE,0.45,0.45,0.43,47.86,31.99,35.3,64.7,47.86,0,133.93,-37.74,98.74,0,98.7,1185.73,1163.3199,1798.09,-84.35,-60.46,-84.35,-60.46,-83.95,-41.95,-84.68,-47.58,-84.38,-46.55,-1
0,300191.XSHE,2015/4/28,148.31,326.7172,6.63,58.18,-393.08,300191.XSHE,-0.45,-0.44,-0.45,-51.88,-25.46,141.48,-41.48,-51.88,0,102.28,-77.59,99.67,0,,174.97,-49.36,118.99,-59.76,-4.89,-59.76,-4.89,-124.93,-160.98,-136.08,-203.11,-135.28,-198.87,-1
0,300191.XSHE,2015/8/25,2083.48,324.243,6.6,129.11,134.21,300191.XSHE,0,0,-0.02,-1.32,73.04,101.39,-1.39,-1.32,0,86.46,-16.57,77.7,0,,-15.08,-117.38,8469.5898,29.32,38.97,29.32,38.97,95.36,95.36,96.98,96.47,99.66,99.59,1
0,300191.XSHE,2015/10/23,453.91,189.858,3.86,71.7,58.95,300191.XSHE,-0.99,-1,-0.96,-1211.29,-334.83,1445.4301,-1345.4301,-1211.29,0,1005.23,-833.85,100.72,0,,204.75,222.61,-16.55,-96.5,-93.31,-96.5,-93.31,-206.72,-6393,-217.29,-6043.79,-216.44,-53506.4297,-1
0,300191.XSHE,2016/2/29,-1187.59,574.2617,11.79,374.34,150.18,300191.XSHE,-2.55,-2.56,-2.43,-165.82,66.19,244.29,-144.29,-165.82,0,316.13,-28.25,100.62,0,,573.09,448.37,-310.74,63.62,1750.86,63.62,1750.86,-464.91,-98.49,-666.92,-153.38,-654.43,-154.52,-1
0,300191.XSHE,2016/4/9,-203.47,-203.4655,8.32,216.48,91.86,300191.XSHE,0.42,0.41,0.39,13.92,63.24,83.22,17.02,13.92,,24.49,-0.44,96.66,1.4,97.95,34.1,-65.72,-391.7,226.12,89.57,226.12,89.57,233.82,122.36,187.49,115.91,189.53,115.97,-1
0,300191.XSHE,2016/8/25,-390.81,-306.7748,12.53,212.22,140.16,300191.XSHE,0.108,-0.1297,0.1021,11.367,23.0325,99.119,-3.1035,11.367,,79.6528,-60.2209,3.3267,-15.0462,-120.063,10.4006,36.5101,4144.374,-25.4766,-68.2432,-25.4766,-68.2432,-66.8864,-105.7903,742.415,-74.0667,5776.1592,-73.945,-1
0,300191.XSHE,2016/10/28,-314.25,-238.215,9.72,174.34,126.34,300191.XSHE,0.3562,0.3477,0.3375,21.402,51.4164,70.9046,26.747,21.402,,38.7823,-21.3444,106.3779,-8.5861,97.604,1.0989,-138.1336,-474.7606,1863.3153,76.2001,1863.3153,76.2001,139.0306,1618.55,134.6893,231.7538,135.001,230.5545,-1
0,300191.XSHE,2017/4/25,-548.62,-230.7687,9.38,131.59,273.62,300191.XSHE,0.0921,-0.3978,0.0859,7.1698,-9.4321,134.6656,-43.7054,7.1698,,48.4525,-82.698,-2990.1069,-779.7417,-431.7859,12.6354,-214.6588,619.228,-17.7766,-22.4864,-17.7766,-22.4864,75.0945,-226.6594,103.5552,-74.0323,103.5688,-74.048,-1
0,300191.XSHE,2017/4/28,692.93,692.9276,8.17,118.8,238.23,300191.XSHE,-0.7869,-0.8054,-0.7349,-204.5068,-27.1057,302.9472,-206.6576,-204.5068,,174.7797,-42.1616,100.5203,1.8378,102.342,543.3778,198.6641,-97.8895,-86.9526,-69.9182,-86.9526,-69.9182,-258.412,-42.2394,-291.6944,-958.0294,-290.4345,-952.0019,-1
0,300192.XSHE,2011/4/28,49.44,49.4428,3.27,7.34,-67.6,300192.XSHE,2.12,2.12,1.75,12.29,21.5,85.54,14.46,12.29,3.02,4.4,0.38,100,0,,76.61,-7.8,-53.91,32.67,-18.86,32.67,-18.86,3.19,-32.47,3.42,-33.95,3.42,-33.95,-1
0,300192.XSHE,2011/8/25,35.3,35.5396,2.31,4.97,3.49,300192.XSHE,2.86,2.86,2.45,14.15,20.4,87.15,12.85,14.15,2.9,4.21,-0.54,77.64,0,,75.32,16.14,125.61,21.23,18.88,21.23,18.88,4.36,5.64,42.5,36.82,42.5,36.82,-1
0,300192.XSHE,2011/10/24,30.48,33.2676,2.12,4.43,3.36,300192.XSHE,3.03,3.03,2.57,13.55,18.33,85.41,14.59,13.55,3.01,3.65,-4.67,91.48,0,,59.36,-8.86,-60.76,29.53,12.29,29.53,12.29,11.44,27.46,6.26,7.59,6.26,7.59,-1
0,300192.XSHE,2012/4/7,25.97,28.8069,1.83,3.59,3.03,300192.XSHE,2.94,2.94,2.49,12.23,19.85,85.44,14.56,12.23,3.29,4.91,-3.89,100.3,0,,71.72,14.76,101.38,18.24,9.16,18.24,9.16,-0.94,8.95,-4.25,-1.51,-4.25,-1.51,-1
0,300192.XSHE,2012/4/18,27.11,27.4426,1.88,3.75,3.16,300192.XSHE,1.66,1.66,1.51,13.56,20.88,84.05,15.95,13.56,2.77,4.91,-3.39,99.77,0,,72.6,-9.27,-58.13,17.5,-19.36,17.5,-19.36,29.58,-11.67,29.63,-10.58,29.63,-10.58,-1
0,300192.XSHE,2012/8/15,25.26,26.6724,1.8,3.36,3.05,300192.XSHE,1.71,1.71,1.52,13.09,21.84,85.49,14.51,13.09,3.08,6.87,-4.03,97.46,0,,87.26,2.46,16.94,4.69,5.92,4.69,5.92,18.23,-3.62,-3.11,2.26,-3.11,2.26,-1
0,300192.XSHE,2012/10/26,25.29,26.5013,1.8,3.31,-19.51,300192.XSHE,2.8,2.8,2.42,12.07,27.41,86.38,13.62,12.07,5.69,8.18,-1.05,93.51,0,,82.24,-1.6,-11.76,68.23,80.44,68.23,80.44,57.08,69.34,49.82,66.36,49.82,66.36,-1
0,300192.XSHE,2013/4/20,22.67,26.9006,1.75,2.86,-13.82,300192.XSHE,1.17,1.17,1.01,5.7,27.57,93.08,6.92,5.7,6.91,12.97,-1.57,106.85,0,,113.6,18.42,266.31,37.34,-10.88,37.34,-10.88,-34.74,-54.74,-35.93,-57.88,-35.95,-57.9,-1
0,300192.XSHE,2013/4/25,21.97,23.9624,1.7,2.77,-13.39,300192.XSHE,1.25,1.24,1.04,6.67,20.23,92.18,7.82,6.67,5.44,6.97,-0.7,99.4,0,99.4,95.35,1.84,23.51,60.66,-5.67,60.66,-5.67,-21.21,6.65,-21.01,10.25,-21.03,10.25,-1
0,300192.XSHE,2013/8/23,21.96,20.9212,1.47,2.01,-9.58,300192.XSHE,1.8,1.79,1.48,9.23,26.21,89.37,10.63,9.23,7.34,8.1,-1.24,98.9,0,98.92,106.36,9.71,91.36,57.74,4,57.74,4,15.56,41.36,11.27,44.05,11.26,44.09,-1
0,300192.XSHE,2013/10/25,26.01,25.4568,1.75,2.22,-15.48,300192.XSHE,1.64,1.64,1.36,8.01,21.59,91.25,8.75,8.01,5.81,7.68,-0.99,90.27,0,,88.41,1.17,13.32,-7.76,5.52,-7.76,5.52,-40.71,-13.12,-38.82,-8.53,-38.83,-8.54,1
0,300192.XSHE,2014/4/24,36.65,30.4118,2.06,2.72,-18.33,300192.XSHE,1.7,1.7,1.4,7.55,20.12,94.21,5.79,7.55,6.84,6.04,-1.33,66.15,0,,80.72,2.59,44.82,14.83,10.94,14.83,10.94,-3.96,-26.68,51.89,4.56,52.02,4.64,-1
0,300192.XSHE,2014/4/24,50.2,45.5931,2.78,3.72,-25.11,300192.XSHE,1.12,1.05,0.93,6.23,23.26,92.19,7.81,6.23,7.06,8.78,-0.94,93.68,0,93.65,104.38,2.09,26.8,0.48,-17.47,0.48,-17.47,0.35,11.43,-6.09,-31.84,-6.06,-31.87,-1
0,300192.XSHE,2014/8/25,45.99,45.5931,2.75,3.57,-20.03,300192.XSHE,1.85,1.38,1.52,8.8,20.9,92.89,7.11,8.8,6.54,7.14,-0.47,74.44,0,74.6,100.32,16.4,230.72,13.57,17.55,13.57,17.55,-24.05,6.99,8.21,65.99,8.22,65.99,-1
0,300192.XSHE,2014/10/24,66.1,66.8488,4.01,5.09,-31.29,300192.XSHE,1.34,1.26,1.1,6.44,19.64,93.31,6.69,6.44,5.3,7.53,-0.77,91.58,0,93.67,127.92,-6.03,-90.06,6.81,-0.76,6.81,-0.76,-18.34,-6.59,-14.12,-27.41,-14.1,-27.41,-1
0,300192.XSHE,2015/4/24,59.75,58.2638,3.44,4.36,-40.04,300192.XSHE,1.94,1.56,1.58,8.58,22.63,91.47,8.53,8.58,6.71,6.56,-0.35,84.7,0,80.42,71.85,17.98,210.75,5.57,9.64,5.57,9.64,55.65,39.76,20.02,46.13,19.95,46.13,1
0,300192.XSHE,2015/4/24,59.75,56.6415,3.43,4.36,-40.04,300192.XSHE,1.02,1.01,0.83,6.01,20.92,93.41,6.59,6.01,6.2,8.34,-0.25,98.4,0,98.48,109.08,7.11,107.87,-1.39,-22.9,-1.39,-22.9,-16.74,-40.39,-4.95,-46.02,-4.95,-46.02,1
0,300192.XSHE,2015/8/26,99.06,98.1867,5.92,7.47,-100.19,300192.XSHE,1.06,0.87,0.86,5.43,19.25,94.89,5.11,5.43,5.94,8.23,-0.45,81.66,0,82.02,100.05,18.17,355.42,-3.86,14.61,-3.86,14.61,-30.86,-11.16,-40.68,3.59,-40.68,3.59,1
0,300192.XSHE,2015/10/23,78.12,68.0557,4.1,5.23,-121.67,300192.XSHE,1.31,1.21,1.07,6.96,21.58,91.99,8.01,6.96,5.66,8.46,-1.04,92.47,0,92.04,106.38,1.25,15.6,-5.59,-2.55,-5.59,-2.55,12.95,52.62,2.11,24.96,2.11,24.96,1
0,300192.XSHE,2016/4/25,113.67,99.5368,5.9,7.76,-412.14,300192.XSHE,1.88,1.61,1.54,9.44,24.57,90.18,9.82,9.44,6.13,7.74,-0.58,89.33,0,85.62,73.65,10.49,106.82,-8.27,6.53,-8.27,6.53,5.62,30.68,0.9,44.39,0.9,44.39,-1
0,300192.XSHE,2016/4/25,106.66,106.3188,5.54,7.28,-386.73,300192.XSHE,1.31,1.13,1.12,8.25,24.1,90.55,9.45,8.25,6.42,9.33,-0.22,87.88,0,86.57,103.9,17.21,182.04,-2.57,-18.11,-2.57,-18.11,39.64,-21.19,33.81,-28.41,33.81,-28.41,-1
0,300192.XSHE,2016/8/27,83.5,88.925,4.49,6.27,154.89,300192.XSHE,1.3578,1.3156,1.187,7.8266,24.7746,91.1251,8.8749,7.8266,6.63,8.58,-0.6971,97.6653,,96.8962,88.1214,5.192,58.502,-6.4029,10.0913,-6.4029,10.0913,62.4825,3.3776,34.9297,4.4571,34.9297,4.4571,1
0,300192.XSHE,2016/10/29,79.3,89.9728,4.55,6.45,-352.21,300192.XSHE,1.5208,1.3582,1.3404,8.5236,22.9862,90.8079,9.1921,8.5236,6.119,7.2977,-0.318,89.8314,,89.3048,91.8202,24.9511,271.4395,-0.5457,3.552,-0.5457,3.552,14.1859,7.2534,21.7756,12.7749,21.7756,12.7749,-1
0,300192.XSHE,2017/4/26,88.73,105.4805,5.25,7.58,484.52,300192.XSHE,1.0268,0.9783,0.904,5.202,22.2528,94.6797,5.3203,5.202,8.0684,6.3791,-0.8099,84.7516,,95.272,79.4658,2.1857,41.0826,4.7999,12.2593,4.7999,12.2593,-43.2272,-35.0258,-42.2187,-31.4883,-42.2929,-31.5763,-1
0,300192.XSHE,2017/4/26,102.18,102.1827,5.31,7.59,490.3,300192.XSHE,1.2223,0.8787,1.0778,8.5989,22.5519,91.6087,8.3913,8.5989,6.5684,9.0263,-0.1905,77.4713,,71.8865,104.9736,13.0864,155.9525,-6.8806,-27.2377,-6.8806,-27.2377,-17.3244,14.7622,-2.9274,20.2767,-3.0442,20.2866,-1
0,300193.XSHE,2011/4/22,55.19,55.1872,3.01,10.39,788.95,300193.XSHE,2.08,2.08,1.76,17.06,31.21,82.6,17.4,17.06,4.81,8.26,-1.88,94.88,0,,71.83,-55.19,-317.26,41.42,-3.74,41.42,-3.74,5.14,-21.26,15.86,-19.35,15.86,-19.35,-1
0,300193.XSHE,2011/8/19,39.7,40.9497,2.2,7.17,2.91,300193.XSHE,3.01,3.01,2.54,20.17,29.91,78.15,21.85,20.17,4.83,6.73,-4.99,97.05,0,,87.79,11.74,53.72,10.1,24.16,10.1,24.16,20.88,55.93,25.92,46.86,25.92,46.86,-1
0,300193.XSHE,2011/10/22,35.88,39.5034,2.08,6.74,2.93,300193.XSHE,2.86,2.86,2.41,19.67,31.9,78.8,21.2,19.67,6.47,7.7,-5.39,96.92,0,,91.44,-12.58,-59.33,15.42,-1.13,15.42,-1.13,24.85,-4.07,31.67,-3.6,31.67,-3.6,-1
0,300193.XSHE,2012/3/29,25.77,30.3959,1.6,5,2.38,300193.XSHE,1.89,1.89,1.6,15.75,30.29,81.76,18.24,15.75,8.95,12.61,-8.01,99.3,0,,123.42,26.79,146.88,-1.56,-16.69,-1.56,-16.69,-15.57,-28.31,-23.84,-33.3,-23.84,-33.3,-1
0,300193.XSHE,2012/4/21,26.11,26.1082,1.51,4.79,2.4,300193.XSHE,1.05,1.05,0.96,15.18,28.69,82.65,17.35,15.18,5,10.72,-7.19,97.72,0,,82.75,-6.34,-36.56,-0.65,-2.86,-0.65,-2.86,-0.93,-7.6,-11.58,-6.36,-11.58,-6.36,-1
0,300193.XSHE,2012/8/25,24.75,24.1562,1.38,4.44,-16.77,300193.XSHE,1.85,1.85,1.66,21.18,35.44,77.05,22.95,21.18,6.65,10.45,-5.88,93.72,0,,91.43,10.66,46.45,-1.22,23.46,-1.22,23.46,3.75,63.29,3.7,72.23,3.7,72.23,-1
0,300193.XSHE,2012/10/20,19.87,19.6218,1.17,3.62,-7.38,300193.XSHE,1.06,1.06,0.95,11.38,30.52,85.64,14.36,11.38,9.29,9.91,-4.47,109.94,0,,86.97,3.2,22.28,7.18,7.27,7.18,7.27,-27.41,-32.88,-37.98,-42.34,-37.98,-42.34,-1
0,300193.XSHE,2013/3/16,22.19,19.4388,1.14,3.51,-7.87,300193.XSHE,0.41,0.41,0.36,5.76,31.23,89.02,10.98,5.76,10.44,15.99,-6.23,97.22,0,,137.33,39.27,357.81,-2.37,-24.11,-2.37,-24.11,-41.25,-41.99,-64.27,-61.58,-64.26,-61.56,-1
0,300193.XSHE,2013/4/17,25.26,25.2594,1.11,3.44,-10.25,300193.XSHE,0.96,0.92,0.86,13.38,32.72,84.52,15.48,13.38,6.54,12.88,-5.94,95.43,0,95.28,72.24,-5.07,-32.77,1.71,1.2,1.71,1.2,-9.24,42.75,-10.38,134.85,-10.09,135.55,1
0,300193.XSHE,2013/8/3,24.65,24.0398,1.05,3.26,-10.5,300193.XSHE,1.49,1.49,1.31,15.93,36.19,81.14,18.86,15.93,8.52,10.11,-3.9,99.78,0,99.78,83.49,5.25,27.82,6.28,29.01,6.28,29.01,-12.65,57.16,-20.05,53.65,-19.18,54.8,-1
0,300193.XSHE,2013/10/26,33.71,30.1649,1.3,4.03,-91.27,300193.XSHE,1.17,1.05,1.04,14.98,33.8,83.77,16.23,14.98,9.21,14.16,-4.73,90.08,0,89.44,116.66,34.73,213.96,-16.34,-15.57,-16.34,-15.57,-5.43,-27.34,10.11,-20.58,10.64,-21.06,1
0,300193.XSHE,2014/3/29,43.4,39.9488,1.72,5.59,61.82,300193.XSHE,0.1,0.06,0.03,0.54,27.87,100.5,-0.5,0.54,10.29,18.53,-5.41,-219.01,0,60.04,118.54,32.95,-6617.1499,0.76,-8.59,0.76,-8.59,-104.57,-102.8,-90.49,-96.68,-76.41,-91.8,-1
0,300193.XSHE,2014/4/19,41.23,41.2273,1.5,4.89,76.31,300193.XSHE,0.69,0.62,0.6,9.72,23.73,88.87,11.13,9.72,3.7,13.17,-6.2,90.47,0,90.04,103.05,17.84,160.32,-2,-1.58,-2,-1.58,-29.57,2299.1001,-28.78,1658.7,-26.24,636.46,1
0,300193.XSHE,2014/8/23,49.12,45.7904,1.68,5.46,35.47,300193.XSHE,1.48,1.45,1.28,14.17,31.87,83.03,16.94,14.17,5.49,11.06,-4.07,98.43,-0.19,97.93,91,16.74,98.67,12.68,48.34,12.68,48.34,1.19,125.81,0.25,116.26,1.05,112.08,-1
0,300193.XSHE,2014/10/28,60.38,56.544,2.05,6.5,55.31,300193.XSHE,0.96,0.96,0.83,12.3,31.27,86.04,15.27,12.3,9.13,14.66,-5.05,91.61,8.56,100.24,118.12,6.18,44.23,-0.36,-25.34,-0.36,-25.34,-6.27,-32.7,-18.19,-35.19,-16.89,-35.08,-1
0,300193.XSHE,2015/2/12,54.71,48.3113,1.76,5.56,-18.41,300193.XSHE,-0.37,-0.35,-0.42,-7.57,30.26,107.63,-9.15,-7.57,13.03,15.6,-10.65,79.65,15.89,,137.51,29.69,-389.22,-11.37,-18.69,-11.37,-18.69,-1528.76,-148.74,-1333.88,-150.06,-493.48,-138.81,-1
0,300193.XSHE,2015/4/25,79.84,79.8404,2.19,7.12,-21.21,300193.XSHE,0.65,0.6,0.54,10.17,32.36,87.07,12.53,10.17,8.78,18.07,-10.16,95.9,-2.97,92.61,102.24,-1.52,-11.77,-13.3,-3.73,-13.3,-3.73,-2.4,231.78,-9.28,229.3,-5.91,276.11,1
0,300193.XSHE,2015/8/26,145.85,143.6705,3.74,13.2,-9.26,300193.XSHE,1.75,1.67,1.56,18.4,33.04,78.45,21.17,18.4,5.1,10.87,-7.61,97.26,-1.73,95.54,89.62,17.21,79.87,-5.67,61.4,-5.67,61.4,17.89,172.74,22.5,192.03,22.32,175.73,1
0,300193.XSHE,2015/10/24,86.37,95.3959,2.48,8.94,-4.71,300193.XSHE,1.25,1.23,1.11,16.25,35.08,79.81,20.22,16.25,8.13,16.54,-11.25,98.33,0.12,98.23,111.7,36.34,179.98,3.03,-18.46,3.03,-18.46,36.42,-22.12,36.07,-28.01,35.37,-28.16,-1
0,300193.XSHE,2016/2/27,104.88,128.7273,3.3,11.96,-8.07,300193.XSHE,0.3,0.21,0.24,2.96,35.08,97.53,1.69,2.96,11.52,17.96,-7.95,68.35,-21.51,69.03,111.18,24.1,977.25,51.43,19.51,51.43,19.51,127.96,-90.01,159.2,-78.22,183,-76.21,-1
0,300193.XSHE,2016/4/23,64.82,64.8219,2.52,8.02,-6,300193.XSHE,0.67,0.62,0.59,10.47,35.62,87.13,12.74,10.47,7.96,20.21,-7.72,94.3,-0.93,92.5,109.58,9.99,77.65,14.03,-27.5,14.03,-27.5,15.98,446.59,17.38,156.37,8.08,129.32,1
0,300193.XSHE,2016/7/25,67.46,68.3363,2.63,8.24,-24.6,300193.XSHE,1.9104,1.8856,1.7015,20.6797,36.6737,79.1576,20.6217,20.6797,6.2875,14.4289,-7.8602,99.6656,-1.0551,98.7024,102.2009,40.0397,192.1074,5.861,49.8408,5.861,49.8408,3.1387,142.5526,18.9455,195.9199,13.6517,189.9291,-1
0,300193.XSHE,2016/10/22,62.68,67.2932,2.51,7.98,25.58,300193.XSHE,1.4135,1.3864,1.2639,17.1572,36.37,79.3095,20.6723,17.1572,6.6531,12.2416,-6.5803,98.1356,-0.0861,98.0857,112.4926,53.7402,259.7339,17.8756,-9.2019,17.8756,-9.2019,20.5347,-8.9791,24.473,-24.6679,19.6029,-24.3971,-1
0,300193.XSHE,2017/3/25,54.95,62.4302,2.3,7.11,20.53,300193.XSHE,0.9026,0.3864,0.79,9.3902,39.0759,90.4915,12.9457,9.3902,12.3947,17.2389,-10.2453,60.1383,21.7397,42.8135,111.0355,32.922,346.2396,15.2724,16.8699,15.2724,16.8699,783.1774,-26.8121,265.5539,-36.0365,224.8312,-35.3786,-1
0,300193.XSHE,2017/4/22,48.07,48.074,2.29,6.88,14.22,300193.XSHE,0.8796,0.7996,0.7832,11.0489,35.2804,87.7318,12.0292,11.0489,11.7217,14.8965,-5.6664,92.4916,-1.8021,90.9008,94.2553,6.4854,52.8632,36.4419,-14.1899,36.4419,-14.1899,28.8355,-20.2649,43.9689,0.9676,39.5309,-1.4938,-1
0,300193.XSHE,2017/8/5,39.6782,41.7674,1.9793,5.6049,16.4286,300193.XSHE,2.4254,2.1768,2.1414,24.0423,36.1136,75.3016,27.0358,24.0423,3.8449,7.6126,-2.8177,90.3703,8.5526,89.7507,97.874,34.3383,139.0307,15.6552,27.0127,15.6552,27.0127,51.6279,185.4627,34.4615,176.3778,35.2939,181.1251,-1
0,300194.XSHE,2011/4/21,41.49,41.4922,3.17,11.01,688.54,300194.XSHE,3.83,3.83,3.58,32.28,46.02,64.98,35.02,32.28,2.46,6.69,0.17,92.03,0,,91.9,26.74,76.36,-5.69,0.16,-5.69,0.16,3.1,12.36,11.78,20.36,13.13,19.88,-1
0,300194.XSHE,2011/8/23,30.9,31.9479,2.42,8.61,3.02,300194.XSHE,3.35,3.35,3.13,33.7,46.1,59.94,40.06,33.7,3.62,11.09,-8.66,99.62,0,,106.49,-9.46,-23.61,-22.47,-16.56,-22.47,-16.56,5.31,-4.55,2.74,-12.87,4.06,-11.94,-1
0,300194.XSHE,2011/10/26,29.84,31.1571,2.33,8.93,3.15,300194.XSHE,1.73,1.73,1.61,25.1,36.3,70.86,29.14,25.1,5.42,17.07,-14.08,100.22,0,,139.93,15.9,54.57,-39.11,-30.06,-39.11,-30.06,-45.94,-49.13,-45.66,-47.91,-45.46,-47.83,-1
0,300194.XSHE,2012/3/30,25.58,23.8336,1.79,7.58,2.48,300194.XSHE,1.1,1.1,0.96,12.31,27.84,82.91,17.09,12.31,5.47,17.58,-13.1,109,0,,16.92,39.03,228.31,-25.37,27.67,-25.37,27.67,-59.14,-25.1,-65.79,-37.38,-64.68,-35.87,-1
0,300194.XSHE,2012/4/23,28.16,28.1554,1.62,7.48,2.36,300194.XSHE,1.59,1.59,1.48,26.4,37.82,73.03,26.97,26.4,3.33,14.92,-8.84,87.96,0,,86.13,9.52,35.3,-10.74,19.79,-10.74,19.79,-31.26,89.01,-27.01,156.81,-26.53,149.34,1
0,300194.XSHE,2012/8/8,33.08,29.7523,1.69,8.18,-11.43,300194.XSHE,1.69,1.69,1.59,23.37,37.69,73.02,26.98,23.37,3.3,14.4,-7.71,96.78,0,,69.74,28.69,106.33,29.74,21.29,29.74,21.29,-12.63,21.31,-10.04,7.38,-11.5,6.08,-1
0,300194.XSHE,2012/10/26,32.38,27.8752,1.59,7.09,-13.49,300194.XSHE,1.33,1.33,1.23,20.3,35.86,75.84,24.16,20.3,4.2,14.35,-7.79,101.38,0,,60.18,5.82,24.1,66.4,-10.29,66.4,-10.29,37.97,-19.67,34.56,-22.08,34.4,-20.77,-1
0,300194.XSHE,2013/3/29,28.96,26.6706,1.49,6.07,-13.12,300194.XSHE,0.68,0.68,0.65,13.68,30.93,86.87,13.13,13.68,6,21.3,-9.94,82.17,0,,29.08,13.39,102.02,1.89,-21.83,1.89,-21.83,-21.76,-57.53,13.24,-47.3,7.61,-48.65,1
0,300194.XSHE,2013/4/25,34.94,34.9382,1.82,7.36,-19.6,300194.XSHE,0.92,0.89,0.85,16.15,34.05,81.83,18.17,16.15,4.56,18.13,-7.98,96.47,0,96.53,66.72,14.89,81.97,-4.96,11.75,-4.96,11.75,-35.97,54.69,-41.84,31.9,-40.88,36.99,1
0,300194.XSHE,2013/8/16,46.92,41.1677,2.12,8.78,-28.65,300194.XSHE,0.38,0.37,0.36,7.88,30.81,91.07,8.93,7.88,6.66,22.28,-6.82,96.15,0,97.99,127.02,56.36,631.31,-31.58,-12.69,-31.58,-12.69,-77.36,-57.1,-76.93,-57.4,-77.33,-59.32,-1
0,300194.XSHE,2013/10/26,69.04,43.5778,2.28,10.25,-32,300194.XSHE,0.36,0.33,0.33,7.82,30.71,91.63,8.46,7.82,7.11,20.91,-6.68,89.6,1.02,90.77,132.9,5.99,71.55,-28.31,-6.01,-28.31,-6.01,-74.89,-10.9,-72.37,-6.69,-72.77,-4.84,1
0,300194.XSHE,2014/3/28,89.89,40.2468,2.09,10.32,-27.28,300194.XSHE,0.6,0.63,0.56,10.4,34.03,89.45,11.78,10.4,6.35,21.59,-6.71,95.24,11.07,104.33,32.11,23.53,223.06,14.75,25.14,14.75,25.14,2.96,74.12,-12.75,66.42,-10.98,67.85,1
0,300194.XSHE,2014/4/25,110.92,110.9189,2.48,11.89,-19.93,300194.XSHE,0.96,0.93,0.88,14.76,33.88,83.12,16.88,14.76,5.11,15.15,-5.55,97.2,0,97.21,48.25,-36.06,-213.6,14.92,11.91,14.92,11.91,6.77,60.42,5.04,58.79,4.59,60.96,1
0,300194.XSHE,2014/8/19,134.69,137.2249,3.1,14.15,-19.64,300194.XSHE,0.98,0.97,0.9,13.97,34.24,83.45,16.55,13.97,5.15,15.48,-4.7,98.39,0,98.4,48.19,-20.91,-126.36,43.62,9.12,43.62,9.12,166.16,6.94,154.64,3.27,161.65,1.77,-1
0,300194.XSHE,2014/10/24,113.61,146.3099,3.3,13.73,-19.98,300194.XSHE,0.37,0.27,0.35,6.47,28.42,94.45,8.14,6.47,7.03,19.51,-3.36,71.94,33.44,71.35,84.51,20.58,370.48,26.56,-17.18,26.56,-17.18,21.66,-59.27,4.63,-61.66,4.89,-61.85,-1
0,300194.XSHE,2015/3/28,106.33,137.7672,3.1,12.3,-36.2,300194.XSHE,0.36,0.42,0.34,5.31,30.32,93.99,6.01,5.31,6.55,20.93,-4.41,103.79,0,115.29,69.06,11.26,187.31,19.09,17.75,19.09,17.75,-39.2,-12.99,-39.2,-3.29,-39.24,-2.78,-1
0,300194.XSHE,2015/4/25,134.94,134.9387,3.59,13.75,-143.9,300194.XSHE,0.53,0.5,0.51,7.73,28.21,91.4,8.88,7.73,5.34,16.21,-3.28,93.56,3.07,93.35,72.56,9.65,112.26,9.13,2.55,9.13,2.55,-42.6,51.47,-42.83,49.31,-44.31,47.53,-1
0,300194.XSHE,2015/8/26,194.09,163.1882,3.55,16.26,-29.02,300194.XSHE,0.96,0.79,0.85,10.48,44.82,89.38,12.8,10.48,17.12,16.08,0.25,83,17,82.13,97.1,20.18,190.01,45.48,45.47,45.48,45.47,12.54,109.66,9.15,97.14,8.97,99.15,1
0,300194.XSHE,2015/10/24,133.83,116.9155,2.54,10.41,-13.12,300194.XSHE,1.2,1.22,1.08,10.63,48.02,87.34,13.95,10.63,18.29,14.63,0.77,103.06,10.48,101.28,84.89,18.3,144.53,118.1,24.16,118.1,24.16,273.93,35.33,258.34,25.88,261.01,26.39,-1
0,300194.XSHE,2016/4/26,94.46,116.9155,2.52,8.46,-9.79,300194.XSHE,0.76,0.55,0.68,7.56,49.28,94.21,7.42,7.56,21.64,20.17,0.59,70.02,19.63,72.79,104.32,38.15,658.49,65.17,-10.82,65.17,-10.82,103.83,-52.57,135.21,-36.52,134.37,-36.88,1
0,300194.XSHE,2016/4/26,93.07,81.1245,2.48,8.34,-9.65,300194.XSHE,1.42,1.28,1.23,14.5,45.64,84.32,16.7,14.5,15.16,12.63,0.34,90.61,5.93,90.47,95.26,23.54,150.13,75.55,8.99,75.55,8.99,230.21,145.38,229.13,108.93,234,110.24,1
0,300194.XSHE,2016/8/27,87.3,116.0895,3.48,9.43,20213.1094,300194.XSHE,2.0096,1.9683,1.6658,18.6675,49.2339,78.4576,22.217,18.6675,11.4534,14.4167,0.7621,97.9466,3.0671,97.9425,95.8583,31.422,145.861,62.8381,34.9414,62.8381,34.9414,182.6737,79.4792,190.0178,73.7113,192.476,74.3878,-1
0,300194.XSHE,2016/10/29,76.37,142.8036,2.96,10.19,6867.0801,300194.XSHE,2.0566,2.0014,1.7139,19.1577,46.5859,77.8294,22.4772,19.1577,9.0102,12.7937,1.7476,97.6367,1.3506,97.3153,99.0313,27.2068,122.7158,73.3588,32.1828,73.3588,32.1828,179.3331,33.7311,212.5317,35.6538,214.3088,35.82,-1
0,300194.XSHE,2017/3/31,61.11,160.7075,2.67,9.75,31.19,300194.XSHE,1.6737,1.6549,1.472,15.5812,46.3004,83.2615,17.0729,15.5812,9.7947,17.3599,0.188,97.9455,1.9571,98.8739,73.8844,31.238,186.624,117.2673,11.7621,117.2673,11.7621,399.9748,-15.1094,347.5142,-9.1025,353.004,-9.028,-1
0,300194.XSHE,2017/4/26,51.1,51.0994,2.86,8.74,374.67,300194.XSHE,2.2465,2.211,2.0267,20.0146,46.6406,77.5176,23.2058,20.0146,9.8631,13.5147,0.0308,96.3426,3.1002,98.4189,93.8847,27.2566,121.2355,112.5448,6.6193,112.5448,6.6193,195.2779,44.9187,193.3562,36.9567,194.8594,36.8446,-1
0,300195.XSHE,2011/4/25,45.57,45.5712,3.03,11.33,158.59,300195.XSHE,5.53,5.53,4.02,32.37,49.89,64.43,35.57,32.37,6.83,7.51,0.11,94.7,0,,81.63,-5.07,-14.26,70.14,47.59,70.14,47.59,102.51,126.77,114.7,115.98,117.34,118.11,1
0,300195.XSHE,2011/8/15,40.05,50.6652,3.28,10.9,4.14,300195.XSHE,4.87,4.87,3.93,28.74,46.92,66.61,33.39,28.74,4.56,9.91,-4.02,96.85,0,,90.96,0.91,2.73,59.43,4.36,59.43,4.36,109.75,-2.05,120.23,-7.32,123.74,-9.61,-1
0,300195.XSHE,2011/10/21,29.97,45.2716,3.05,8.64,4.43,300195.XSHE,7.11,7.11,5.47,27.98,46.76,67.11,32.89,27.98,5.96,9.51,-2.69,97.32,0,,81.75,4.51,13.71,107.01,43.3,107.01,43.3,107.87,41.16,79.11,39.51,78.54,40.92,-1
0,300195.XSHE,2012/3/12,24.98,44.6074,3,6.95,4.6,300195.XSHE,4.58,4.58,3.52,28.42,46.44,68.09,30.46,28.42,6.85,3.58,-3.59,98.89,-4.48,,94.68,41.64,130.51,45.28,-34.18,45.28,-34.18,91.14,-39.04,86.66,-33.15,82.98,-34.14,-1
0,300195.XSHE,2012/4/21,20.33,20.3346,2.63,5.83,5.3,300195.XSHE,3.65,3.65,3.13,31.41,54.85,62.48,37.41,31.41,6.37,12.39,-3.06,99.81,-0.3,,69.6,-24.37,-64.94,21.11,23.04,21.11,23.04,27.36,51.1,17.54,36,15.3,37.44,-1
0,300195.XSHE,2012/7/28,21.02,21.8231,2.72,5.98,-7.61,300195.XSHE,4.18,4.18,3.48,30.29,47.92,63.71,36.12,30.29,4.56,9.1,-1.76,98.11,-0.47,,121.14,17.37,47.85,28.66,10.87,28.66,10.87,39.18,7.04,35.57,6.89,43.41,12.42,-1
0,300195.XSHE,2012/10/23,19.35,21.9826,2.85,5.66,-10.02,300195.XSHE,2.41,2.41,2.14,23.82,47.74,72.13,27.8,23.82,11.09,11.54,-3.89,100.43,-0.25,,111.54,26.13,93.78,-29.09,-21.03,-29.09,-21.03,-40.07,-39.22,-39.63,-37.88,-40.51,-41.54,-1
0,300195.XSHE,2013/3/19,20.46,20.6092,2.56,5.81,-11.76,300195.XSHE,1.73,1.73,1.61,17.23,33.68,82.99,16.82,17.23,6.81,7.6,-3.18,80.46,-0.91,,45.97,33.46,196.68,12.03,3.98,12.03,3.98,-38.14,-37.08,-32.08,-24.79,-34.74,-27.75,1
0,300195.XSHE,2013/4/25,22.33,22.3321,2.6,5.74,-30.32,300195.XSHE,3.57,3.44,3.21,31.76,52.83,64.28,35.67,31.76,5.56,11.98,-1.95,96.07,-0.14,96.16,88.46,21.04,58.89,-0.04,9.79,-0.04,9.79,-4.69,132.8,1.06,102.37,1.93,114.67,1
0,300195.XSHE,2013/8/19,21.36,21.4832,2.41,5.52,-195.68,300195.XSHE,4,4.01,3.56,31.2,53.53,61.63,38.26,31.2,9.32,10.87,-1.94,100.69,-0.29,100.36,111.52,14.62,38.11,1.61,12.7,1.61,12.7,7.64,20.89,4.68,10.72,0.54,10.89,-1
0,300195.XSHE,2013/10/23,25.85,26.0475,2.95,6.66,50.58,300195.XSHE,0.81,0.77,0.75,8.17,30.99,90.96,8.91,8.17,10.88,13.68,-2.92,97.01,-1.32,95.39,67.66,-33.79,-373.84,4.18,-19.03,4.18,-19.03,-66.59,-81.13,-64.25,-78.79,-65.05,-79.68,1
0,300195.XSHE,2014/4/15,37.26,32.6629,3.59,8.28,308.72,300195.XSHE,2.69,1.18,2.36,20.95,36.46,87.15,12.68,20.95,9.18,10.85,-1.67,48.45,-0.63,44.01,152.13,19.74,153.68,24.38,24.15,24.38,24.15,-6.23,76.59,51.26,218.26,62.9,236.77,-1
0,300195.XSHE,2014/4/26,37.29,33.7555,3.55,8.28,308.92,300195.XSHE,0.73,0.69,0.61,9.98,43.38,88.1,11.71,9.98,11.47,21.23,-1.89,95.98,-1.57,94.4,85.58,-50.62,-425.36,-35.87,-43.4,-35.87,-43.4,-78.96,-47.75,-79.85,-73.04,-78.68,-71.9,-1
0,300195.XSHE,2014/8/5,46.19,34.439,2.25,8.75,-31.47,300195.XSHE,3.19,3.17,2.89,21.69,43.64,75.59,25.56,21.69,6.08,13.2,-1.57,95.08,4.47,99.42,112.01,36.33,148.82,68.77,196.62,68.77,196.62,12.76,547.72,17.32,544.64,9.69,470.54,-1
0,300195.XSHE,2014/10/25,50.52,39.4225,2.57,8.33,-39.72,300195.XSHE,2.91,2.64,2.65,22.5,45.34,75.94,24.06,22.5,7.31,13.71,0.15,90.51,0,90.57,124.85,15.86,65.94,85,-11.25,85,-11.25,399.25,-16.46,409.31,-7.91,394.11,-8.47,-1
0,300195.XSHE,2015/3/18,34.61,36.9437,2.36,6.67,-66.75,300195.XSHE,3.23,2.62,2.77,18.31,42.97,80.4,19.6,18.31,5.9,11.96,0.34,84.11,0,81.21,58.23,-59.08,-301.38,98.83,33.44,98.83,33.44,207.38,8.72,73.77,8.58,64.77,12.22,1
